threshold,accuracy_pct,precision_pct,recall_pct,f1_score_pct,far_pct,frr_pct,far_frr_gap_pct,tp,fn,fp,tn
40.0,44.4444,44.4444,100.0,61.5385,100.0,0.0,100.0,24,0,30,0
44.0,44.4444,44.4444,100.0,61.5385,100.0,0.0,100.0,24,0,30,0
48.0,44.4444,44.4444,100.0,61.5385,100.0,0.0,100.0,24,0,30,0
52.0,44.4444,44.4444,100.0,61.5385,100.0,0.0,100.0,24,0,30,0
56.0,48.1481,46.1538,100.0,63.1579,93.3333,0.0,93.3333,24,0,28,2
60.0,55.5556,50.0,100.0,66.6667,80.0,0.0,80.0,24,0,24,6
64.0,61.1111,53.3333,100.0,69.5652,70.0,0.0,70.0,24,0,21,9
68.0,77.7778,66.6667,100.0,80.0,40.0,0.0,40.0,24,0,12,18
72.0,92.5926,88.4615,95.8333,92.0,10.0,4.1667,5.8333,23,1,3,27
76.0,90.7407,100.0,79.1667,88.3721,0.0,20.8333,20.8333,19,5,0,30
80.0,66.6667,100.0,25.0,40.0,0.0,75.0,75.0,6,18,0,30