algorithm,split,label,subject,probe,reference,probeMinutiae,referenceMinutiae,score,durationMs
SourceAFIS,train,genuine,101,101_1,101_2,29,42,39.932022892203,0.0042
OpenAFIS,train,genuine,101,101_1,101_2,29,42,5,271.0815
MCC,train,genuine,101,101_1,101_2,29,42,0.041877,253.57
Jiang Matcher,train,genuine,101,101_1,101_2,29,42,0.202927,242.99
SourceAFIS,train,genuine,102,102_1,102_2,63,59,345.194112258272,0.0122
OpenAFIS,train,genuine,102,102_1,102_2,63,59,59,261.7997
MCC,train,genuine,102,102_1,102_2,63,59,0.327136,285.29
Jiang Matcher,train,genuine,102,102_1,102_2,63,59,0.479645,267.23
SourceAFIS,train,genuine,103,103_1,103_2,41,42,109.381564758436,0.0017
OpenAFIS,train,genuine,103,103_1,103_2,41,42,52,268.3382
MCC,train,genuine,103,103_1,103_2,41,42,0.133165,296.62
Jiang Matcher,train,genuine,103,103_1,103_2,41,42,0.434765,265.08
SourceAFIS,train,genuine,104,104_1,104_2,33,30,96.268920063529,0.0018
OpenAFIS,train,genuine,104,104_1,104_2,33,30,36,287.6185
MCC,train,genuine,104,104_1,104_2,33,30,0.119103,263.84
Jiang Matcher,train,genuine,104,104_1,104_2,33,30,0.424836,264.83
SourceAFIS,train,genuine,105,105_1,105_2,46,34,171.474740428928,0.0032
OpenAFIS,train,genuine,105,105_1,105_2,46,34,39,286.7488
MCC,train,genuine,105,105_1,105_2,46,34,0.22553,287.32
Jiang Matcher,train,genuine,105,105_1,105_2,46,34,0.399937,288.15
SourceAFIS,validation,genuine,106,106_1,106_2,25,24,87.583171159978,0.002
OpenAFIS,validation,genuine,106,106_1,106_2,25,24,32,368.1614
MCC,validation,genuine,106,106_1,106_2,25,24,0.154751,397.97
Jiang Matcher,validation,genuine,106,106_1,106_2,25,24,0.431675,286.51
SourceAFIS,validation,genuine,107,107_1,107_2,29,25,124.068337626504,0.0021
OpenAFIS,validation,genuine,107,107_1,107_2,29,25,60,263.1274
MCC,validation,genuine,107,107_1,107_2,29,25,0.157794,285.77
Jiang Matcher,validation,genuine,107,107_1,107_2,29,25,0.537397,285.37
SourceAFIS,validation,genuine,108,108_1,108_2,33,31,113.501593622923,0.0031
OpenAFIS,validation,genuine,108,108_1,108_2,33,31,39,283.1883
MCC,validation,genuine,108,108_1,108_2,33,31,0.110659,270.2
Jiang Matcher,validation,genuine,108,108_1,108_2,33,31,0.390853,284.47
SourceAFIS,validation,genuine,109,109_1,109_2,40,18,78.648953623882,0.0033
OpenAFIS,validation,genuine,109,109_1,109_2,40,18,20,311.5574
MCC,validation,genuine,109,109_1,109_2,40,18,0.115342,269.54
Jiang Matcher,validation,genuine,109,109_1,109_2,40,18,0.200381,313.02
SourceAFIS,validation,genuine,110,110_1,110_2,29,20,64.330166513228,0.0036
OpenAFIS,validation,genuine,110,110_1,110_2,29,20,11,317.8851
MCC,validation,genuine,110,110_1,110_2,29,20,0.087477,289.47
Jiang Matcher,validation,genuine,110,110_1,110_2,29,20,0.246066,269.94
SourceAFIS,train,genuine,101,101_1,101_3,29,24,0.670273195533,0.004
OpenAFIS,train,genuine,101,101_1,101_3,29,24,0,279.0798
MCC,train,genuine,101,101_1,101_3,29,24,0.016947,257.92
Jiang Matcher,train,genuine,101,101_1,101_3,29,24,0.068966,245.5
SourceAFIS,train,genuine,102,102_1,102_3,63,46,212.9327229338,0.0036
OpenAFIS,train,genuine,102,102_1,102_3,63,46,42,331.3869
MCC,train,genuine,102,102_1,102_3,63,46,0.179228,372.93
Jiang Matcher,train,genuine,102,102_1,102_3,63,46,0.331216,232.17
SourceAFIS,train,genuine,103,103_1,103_3,41,43,223.773164214732,0.0028
OpenAFIS,train,genuine,103,103_1,103_3,41,43,58,251.6776
MCC,train,genuine,103,103_1,103_3,41,43,0.220776,268
Jiang Matcher,train,genuine,103,103_1,103_3,41,43,0.496488,252.13
SourceAFIS,train,genuine,104,104_1,104_3,33,25,67.121858334826,0.0029
OpenAFIS,train,genuine,104,104_1,104_3,33,25,20,507.9708
MCC,train,genuine,104,104_1,104_3,33,25,0.072739,260.36
Jiang Matcher,train,genuine,104,104_1,104_3,33,25,0.15639,259.04
SourceAFIS,train,genuine,105,105_1,105_3,46,24,55.930265463929,0.0041
OpenAFIS,train,genuine,105,105_1,105_3,46,24,3,243.0093
MCC,train,genuine,105,105_1,105_3,46,24,0.0513,271.18
Jiang Matcher,train,genuine,105,105_1,105_3,46,24,0.151849,245.72
SourceAFIS,validation,genuine,106,106_1,106_3,25,25,68.809197800314,0.0037
OpenAFIS,validation,genuine,106,106_1,106_3,25,25,19,264.1186
MCC,validation,genuine,106,106_1,106_3,25,25,0.070124,254.23
Jiang Matcher,validation,genuine,106,106_1,106_3,25,25,0.341032,247.53
SourceAFIS,validation,genuine,107,107_1,107_3,29,26,131.487591051128,0.0027
OpenAFIS,validation,genuine,107,107_1,107_3,29,26,33,302.0011
MCC,validation,genuine,107,107_1,107_3,29,26,0.16848,252.57
Jiang Matcher,validation,genuine,107,107_1,107_3,29,26,0.49572,237.45
SourceAFIS,validation,genuine,108,108_1,108_3,33,33,73.322785945321,0.0034
OpenAFIS,validation,genuine,108,108_1,108_3,33,33,17,245.3558
MCC,validation,genuine,108,108_1,108_3,33,33,0.077519,377.68
Jiang Matcher,validation,genuine,108,108_1,108_3,33,33,0.320333,324.96
SourceAFIS,validation,genuine,109,109_1,109_3,40,29,124.660133894883,0.0035
OpenAFIS,validation,genuine,109,109_1,109_3,40,29,27,267.8532
MCC,validation,genuine,109,109_1,109_3,40,29,0.158853,280.04
Jiang Matcher,validation,genuine,109,109_1,109_3,40,29,0.308565,278.51
SourceAFIS,validation,genuine,110,110_1,110_3,29,30,109.508468173854,0.0034
OpenAFIS,validation,genuine,110,110_1,110_3,29,30,25,279.9966
MCC,validation,genuine,110,110_1,110_3,29,30,0.094252,271.89
Jiang Matcher,validation,genuine,110,110_1,110_3,29,30,0.372698,273.03
SourceAFIS,train,genuine,101,101_1,101_4,29,71,0.229062626881,0.0047
OpenAFIS,train,genuine,101,101_1,101_4,29,71,0,276.5896
MCC,train,genuine,101,101_1,101_4,29,71,0.027391,293
Jiang Matcher,train,genuine,101,101_1,101_4,29,71,0.061328,281.47
SourceAFIS,train,genuine,102,102_1,102_4,63,53,230.266325527346,0.0039
OpenAFIS,train,genuine,102,102_1,102_4,63,53,23,257.7899
MCC,train,genuine,102,102_1,102_4,63,53,0.191091,281.71
Jiang Matcher,train,genuine,102,102_1,102_4,63,53,0.344735,238.13
SourceAFIS,train,genuine,103,103_1,103_4,41,29,13.573192209901,0.0024
OpenAFIS,train,genuine,103,103_1,103_4,41,29,2,251.126
MCC,train,genuine,103,103_1,103_4,41,29,0.031799,266.89
Jiang Matcher,train,genuine,103,103_1,103_4,41,29,0.184238,246.96
SourceAFIS,train,genuine,104,104_1,104_4,33,28,94.524345427816,0.0023
OpenAFIS,train,genuine,104,104_1,104_4,33,28,27,269.3358
MCC,train,genuine,104,104_1,104_4,33,28,0.137631,255.2
Jiang Matcher,train,genuine,104,104_1,104_4,33,28,0.361878,461.44
SourceAFIS,train,genuine,105,105_1,105_4,46,42,125.573020976382,0.003
OpenAFIS,train,genuine,105,105_1,105_4,46,42,20,254.0309
MCC,train,genuine,105,105_1,105_4,46,42,0.08788,258.79
Jiang Matcher,train,genuine,105,105_1,105_4,46,42,0.33329,253.47
SourceAFIS,validation,genuine,106,106_1,106_4,25,34,7.188545089159,0.0031
OpenAFIS,validation,genuine,106,106_1,106_4,25,34,2,266.6593
MCC,validation,genuine,106,106_1,106_4,25,34,0.016304,258.69
Jiang Matcher,validation,genuine,106,106_1,106_4,25,34,0.102941,273.32
SourceAFIS,validation,genuine,107,107_1,107_4,29,25,108.52082396345,0.0056
OpenAFIS,validation,genuine,107,107_1,107_4,29,25,31,246.982
MCC,validation,genuine,107,107_1,107_4,29,25,0.18028,284.29
Jiang Matcher,validation,genuine,107,107_1,107_4,29,25,0.472058,243.23
SourceAFIS,validation,genuine,108,108_1,108_4,33,33,103.728671204082,0.0016
OpenAFIS,validation,genuine,108,108_1,108_4,33,33,23,265.0729
MCC,validation,genuine,108,108_1,108_4,33,33,0.090184,249.37
Jiang Matcher,validation,genuine,108,108_1,108_4,33,33,0.323624,270.68
SourceAFIS,validation,genuine,109,109_1,109_4,40,25,147.84796514219,0.0012
OpenAFIS,validation,genuine,109,109_1,109_4,40,25,32,263.729
MCC,validation,genuine,109,109_1,109_4,40,25,0.222381,282.41
Jiang Matcher,validation,genuine,109,109_1,109_4,40,25,0.316722,248.12
SourceAFIS,validation,genuine,110,110_1,110_4,29,30,61.195760696946,0.0014
OpenAFIS,validation,genuine,110,110_1,110_4,29,30,13,280.4804
MCC,validation,genuine,110,110_1,110_4,29,30,0.048545,261.84
Jiang Matcher,validation,genuine,110,110_1,110_4,29,30,0.236172,307.91
SourceAFIS,train,genuine,101,101_1,101_5,29,47,32.187018068928,0.0026
OpenAFIS,train,genuine,101,101_1,101_5,29,47,0,480.6586
MCC,train,genuine,101,101_1,101_5,29,47,0.052121,346.58
Jiang Matcher,train,genuine,101,101_1,101_5,29,47,0.203648,300.96
SourceAFIS,train,genuine,102,102_1,102_5,63,55,228.83148341675,0.0019
OpenAFIS,train,genuine,102,102_1,102_5,63,55,53,300.1448
MCC,train,genuine,102,102_1,102_5,63,55,0.187524,294.3
Jiang Matcher,train,genuine,102,102_1,102_5,63,55,0.359712,238.59
SourceAFIS,train,genuine,103,103_1,103_5,41,41,82.148753030862,0.0014
OpenAFIS,train,genuine,103,103_1,103_5,41,41,10,266.4502
MCC,train,genuine,103,103_1,103_5,41,41,0.066116,277.11
Jiang Matcher,train,genuine,103,103_1,103_5,41,41,0.300345,267.99
SourceAFIS,train,genuine,104,104_1,104_5,33,14,77.502943829795,0.0011
OpenAFIS,train,genuine,104,104_1,104_5,33,14,31,277.7717
MCC,train,genuine,104,104_1,104_5,33,14,0.28018,276.51
Jiang Matcher,train,genuine,104,104_1,104_5,33,14,0.191053,266.75
SourceAFIS,train,genuine,105,105_1,105_5,46,31,109.562194545175,0.0012
OpenAFIS,train,genuine,105,105_1,105_5,46,31,25,277.334
MCC,train,genuine,105,105_1,105_5,46,31,0.14063,292.81
Jiang Matcher,train,genuine,105,105_1,105_5,46,31,0.290728,285.63
SourceAFIS,validation,genuine,106,106_1,106_5,25,42,9.273101882953,0.0018
OpenAFIS,validation,genuine,106,106_1,106_5,25,42,0,329.2428
MCC,validation,genuine,106,106_1,106_5,25,42,0.035114,253.27
Jiang Matcher,validation,genuine,106,106_1,106_5,25,42,0.172849,262.67
SourceAFIS,validation,genuine,107,107_1,107_5,29,25,121.485528764572,0.0013
OpenAFIS,validation,genuine,107,107_1,107_5,29,25,55,278.8026
MCC,validation,genuine,107,107_1,107_5,29,25,0.144075,427.6
Jiang Matcher,validation,genuine,107,107_1,107_5,29,25,0.456861,248.86
SourceAFIS,validation,genuine,108,108_1,108_5,33,40,94.053820135806,0.0017
OpenAFIS,validation,genuine,108,108_1,108_5,33,40,21,257.3728
MCC,validation,genuine,108,108_1,108_5,33,40,0.085482,271.74
Jiang Matcher,validation,genuine,108,108_1,108_5,33,40,0.258943,251.02
SourceAFIS,validation,genuine,109,109_1,109_5,40,32,132.520695994302,0.0019
OpenAFIS,validation,genuine,109,109_1,109_5,40,32,28,249.6056
MCC,validation,genuine,109,109_1,109_5,40,32,0.088725,266.11
Jiang Matcher,validation,genuine,109,109_1,109_5,40,32,0.331133,262.64
SourceAFIS,validation,genuine,110,110_1,110_5,29,30,49.293947715355,0.0021
OpenAFIS,validation,genuine,110,110_1,110_5,29,30,9,281.5631
MCC,validation,genuine,110,110_1,110_5,29,30,0.031238,255.11
Jiang Matcher,validation,genuine,110,110_1,110_5,29,30,0.223346,273.3
SourceAFIS,train,genuine,101,101_1,101_6,29,44,43.054051815949,0.0028
OpenAFIS,train,genuine,101,101_1,101_6,29,44,7,263.2268
MCC,train,genuine,101,101_1,101_6,29,44,0.058741,275.09
Jiang Matcher,train,genuine,101,101_1,101_6,29,44,0.170363,241.63
SourceAFIS,train,genuine,102,102_1,102_6,63,47,96.953527653402,0.001
OpenAFIS,train,genuine,102,102_1,102_6,63,47,19,265.8643
MCC,train,genuine,102,102_1,102_6,63,47,0.067459,272.69
Jiang Matcher,train,genuine,102,102_1,102_6,63,47,0.261202,240.83
SourceAFIS,train,genuine,103,103_1,103_6,41,38,59.270705906479,0.0014
OpenAFIS,train,genuine,103,103_1,103_6,41,38,46,280.2496
MCC,train,genuine,103,103_1,103_6,41,38,0.110605,323.85
Jiang Matcher,train,genuine,103,103_1,103_6,41,38,0.423159,419.56
SourceAFIS,train,genuine,104,104_1,104_6,33,25,134.469016065606,0.0011
OpenAFIS,train,genuine,104,104_1,104_6,33,25,53,262.274
MCC,train,genuine,104,104_1,104_6,33,25,0.128387,279.71
Jiang Matcher,train,genuine,104,104_1,104_6,33,25,0.401037,256.03
SourceAFIS,train,genuine,105,105_1,105_6,46,35,150.948106506038,0.002
OpenAFIS,train,genuine,105,105_1,105_6,46,35,48,304.3509
MCC,train,genuine,105,105_1,105_6,46,35,0.155641,272.35
Jiang Matcher,train,genuine,105,105_1,105_6,46,35,0.319751,282.26
SourceAFIS,validation,genuine,106,106_1,106_6,25,27,48.890703329124,0.002
OpenAFIS,validation,genuine,106,106_1,106_6,25,27,12,286.1192
MCC,validation,genuine,106,106_1,106_6,25,27,0.06926,262.54
Jiang Matcher,validation,genuine,106,106_1,106_6,25,27,0.258448,285.05
SourceAFIS,validation,genuine,107,107_1,107_6,29,25,79.288793889023,0.0018
OpenAFIS,validation,genuine,107,107_1,107_6,29,25,19,306.7045
MCC,validation,genuine,107,107_1,107_6,29,25,0.091386,328.53
Jiang Matcher,validation,genuine,107,107_1,107_6,29,25,0.313808,309.9
SourceAFIS,validation,genuine,108,108_1,108_6,33,45,114.817453210519,0.0015
OpenAFIS,validation,genuine,108,108_1,108_6,33,45,21,302.4892
MCC,validation,genuine,108,108_1,108_6,33,45,0.10574,290.36
Jiang Matcher,validation,genuine,108,108_1,108_6,33,45,0.238655,260.6
SourceAFIS,validation,genuine,109,109_1,109_6,40,26,47.349062226988,0.0015
OpenAFIS,validation,genuine,109,109_1,109_6,40,26,6,274.9705
MCC,validation,genuine,109,109_1,109_6,40,26,0.058344,374.8
Jiang Matcher,validation,genuine,109,109_1,109_6,40,26,0.164613,311.89
SourceAFIS,validation,genuine,110,110_1,110_6,29,32,169.519845214781,0.0014
OpenAFIS,validation,genuine,110,110_1,110_6,29,32,43,260.4321
MCC,validation,genuine,110,110_1,110_6,29,32,0.190007,287.19
Jiang Matcher,validation,genuine,110,110_1,110_6,29,32,0.487336,257.85
SourceAFIS,train,genuine,101,101_1,101_7,29,29,38.956055660224,0.0026
OpenAFIS,train,genuine,101,101_1,101_7,29,29,0,252.3395
MCC,train,genuine,101,101_1,101_7,29,29,0.048129,324.67
Jiang Matcher,train,genuine,101,101_1,101_7,29,29,0.295854,248.81
SourceAFIS,train,genuine,102,102_1,102_7,63,58,313.091742844451,0.0013
OpenAFIS,train,genuine,102,102_1,102_7,63,58,48,273.1442
MCC,train,genuine,102,102_1,102_7,63,58,0.252678,279.26
Jiang Matcher,train,genuine,102,102_1,102_7,63,58,0.427601,286.24
SourceAFIS,train,genuine,103,103_1,103_7,41,40,96.048124428384,0.0019
OpenAFIS,train,genuine,103,103_1,103_7,41,40,41,257.1483
MCC,train,genuine,103,103_1,103_7,41,40,0.100622,270.21
Jiang Matcher,train,genuine,103,103_1,103_7,41,40,0.393005,256.1
SourceAFIS,train,genuine,104,104_1,104_7,33,30,80.161017063315,0.002
OpenAFIS,train,genuine,104,104_1,104_7,33,30,25,264.5665
MCC,train,genuine,104,104_1,104_7,33,30,0.089909,259.1
Jiang Matcher,train,genuine,104,104_1,104_7,33,30,0.373096,250.15
SourceAFIS,train,genuine,105,105_1,105_7,46,29,116.304306380711,0.0012
OpenAFIS,train,genuine,105,105_1,105_7,46,29,16,237.9196
MCC,train,genuine,105,105_1,105_7,46,29,0.171765,278.93
Jiang Matcher,train,genuine,105,105_1,105_7,46,29,0.254189,422.21
SourceAFIS,validation,genuine,106,106_1,106_7,25,37,63.590902950817,0.0015
OpenAFIS,validation,genuine,106,106_1,106_7,25,37,10,269.9538
MCC,validation,genuine,106,106_1,106_7,25,37,0.053638,251.31
Jiang Matcher,validation,genuine,106,106_1,106_7,25,37,0.256894,236.31
SourceAFIS,validation,genuine,107,107_1,107_7,29,22,120.365593978027,0.0017
OpenAFIS,validation,genuine,107,107_1,107_7,29,22,40,264.6285
MCC,validation,genuine,107,107_1,107_7,29,22,0.194355,263.01
Jiang Matcher,validation,genuine,107,107_1,107_7,29,22,0.463002,266.81
SourceAFIS,validation,genuine,108,108_1,108_7,33,38,101.379122235576,0.0016
OpenAFIS,validation,genuine,108,108_1,108_7,33,38,28,275.2539
MCC,validation,genuine,108,108_1,108_7,33,38,0.094262,259.38
Jiang Matcher,validation,genuine,108,108_1,108_7,33,38,0.306805,231.47
SourceAFIS,validation,genuine,109,109_1,109_7,40,28,114.608921606153,0.0018
OpenAFIS,validation,genuine,109,109_1,109_7,40,28,39,270.434
MCC,validation,genuine,109,109_1,109_7,40,28,0.10883,278.89
Jiang Matcher,validation,genuine,109,109_1,109_7,40,28,0.266333,261.18
SourceAFIS,validation,genuine,110,110_1,110_7,29,29,71.682297620595,0.0015
OpenAFIS,validation,genuine,110,110_1,110_7,29,29,11,266.3822
MCC,validation,genuine,110,110_1,110_7,29,29,0.060671,288.4
Jiang Matcher,validation,genuine,110,110_1,110_7,29,29,0.350303,292.07
SourceAFIS,train,genuine,101,101_1,101_8,29,41,26.754603256583,0.0027
OpenAFIS,train,genuine,101,101_1,101_8,29,41,5,266.2487
MCC,train,genuine,101,101_1,101_8,29,41,0.05235,253.01
Jiang Matcher,train,genuine,101,101_1,101_8,29,41,0.223388,253.74
SourceAFIS,train,genuine,102,102_1,102_8,63,54,265.909418697605,0.0017
OpenAFIS,train,genuine,102,102_1,102_8,63,54,38,259.0576
MCC,train,genuine,102,102_1,102_8,63,54,0.227657,452.69
Jiang Matcher,train,genuine,102,102_1,102_8,63,54,0.395496,248.17
SourceAFIS,train,genuine,103,103_1,103_8,41,46,137.757050989571,0.002
OpenAFIS,train,genuine,103,103_1,103_8,41,46,33,268.2561
MCC,train,genuine,103,103_1,103_8,41,46,0.121367,267.67
Jiang Matcher,train,genuine,103,103_1,103_8,41,46,0.440758,236.88
SourceAFIS,train,genuine,104,104_1,104_8,33,29,128.643595273627,0.0013
OpenAFIS,train,genuine,104,104_1,104_8,33,29,26,269.6861
MCC,train,genuine,104,104_1,104_8,33,29,0.138709,272.38
Jiang Matcher,train,genuine,104,104_1,104_8,33,29,0.368717,251.51
SourceAFIS,train,genuine,105,105_1,105_8,46,33,169.60482887734,0.0015
OpenAFIS,train,genuine,105,105_1,105_8,46,33,41,243.3437
MCC,train,genuine,105,105_1,105_8,46,33,0.174967,270.88
Jiang Matcher,train,genuine,105,105_1,105_8,46,33,0.397797,236.98
SourceAFIS,validation,genuine,106,106_1,106_8,25,32,25.274114905172,0.0014
OpenAFIS,validation,genuine,106,106_1,106_8,25,32,0,259.3979
MCC,validation,genuine,106,106_1,106_8,25,32,0.034188,243.4
Jiang Matcher,validation,genuine,106,106_1,106_8,25,32,0.0625,232.14
SourceAFIS,validation,genuine,107,107_1,107_8,29,18,69.907162625315,0.0014
OpenAFIS,validation,genuine,107,107_1,107_8,29,18,27,267.1437
MCC,validation,genuine,107,107_1,107_8,29,18,0.161285,278.89
Jiang Matcher,validation,genuine,107,107_1,107_8,29,18,0.348116,257.27
SourceAFIS,validation,genuine,108,108_1,108_8,33,38,69.061824761778,0.0011
OpenAFIS,validation,genuine,108,108_1,108_8,33,38,20,323.564
MCC,validation,genuine,108,108_1,108_8,33,38,0.058255,707.28
Jiang Matcher,validation,genuine,108,108_1,108_8,33,38,0.203792,247.6
SourceAFIS,validation,genuine,109,109_1,109_8,40,29,104.604643308013,0.0014
OpenAFIS,validation,genuine,109,109_1,109_8,40,29,10,250.045
MCC,validation,genuine,109,109_1,109_8,40,29,0.116896,251.06
Jiang Matcher,validation,genuine,109,109_1,109_8,40,29,0.283624,245.84
SourceAFIS,validation,genuine,110,110_1,110_8,29,33,115.015130037074,0.0011
OpenAFIS,validation,genuine,110,110_1,110_8,29,33,33,257.1438
MCC,validation,genuine,110,110_1,110_8,29,33,0.10537,263.66
Jiang Matcher,validation,genuine,110,110_1,110_8,29,33,0.39113,241.1
SourceAFIS,train,genuine,101,101_2,101_3,42,24,1.168573344683,0.0022
OpenAFIS,train,genuine,101,101_2,101_3,42,24,0,272.4805
MCC,train,genuine,101,101_2,101_3,42,24,0.019023,248.93
Jiang Matcher,train,genuine,101,101_2,101_3,42,24,0.073735,251.25
SourceAFIS,train,genuine,102,102_2,102_3,59,46,196.76890764027,0.0011
OpenAFIS,train,genuine,102,102_2,102_3,59,46,26,241.1693
MCC,train,genuine,102,102_2,102_3,59,46,0.163777,267.16
Jiang Matcher,train,genuine,102,102_2,102_3,59,46,0.352454,243.12
SourceAFIS,train,genuine,103,103_2,103_3,42,43,278.412986958919,0.001
OpenAFIS,train,genuine,103,103_2,103_3,42,43,75,267.1642
MCC,train,genuine,103,103_2,103_3,42,43,0.316298,263.93
Jiang Matcher,train,genuine,103,103_2,103_3,42,43,0.547125,243.28
SourceAFIS,train,genuine,104,104_2,104_3,30,25,66.617679451033,0.0016
OpenAFIS,train,genuine,104,104_2,104_3,30,25,10,266.1399
MCC,train,genuine,104,104_2,104_3,30,25,0.047563,271.94
Jiang Matcher,train,genuine,104,104_2,104_3,30,25,0.227678,237.7
SourceAFIS,train,genuine,105,105_2,105_3,34,24,55.133651427094,0.0013
OpenAFIS,train,genuine,105,105_2,105_3,34,24,6,451.4491
MCC,train,genuine,105,105_2,105_3,34,24,0.076573,297.84
Jiang Matcher,train,genuine,105,105_2,105_3,34,24,0.229154,247.06
SourceAFIS,validation,genuine,106,106_2,106_3,24,25,110.207046040565,0.0025
OpenAFIS,validation,genuine,106,106_2,106_3,24,25,42,236.6392
MCC,validation,genuine,106,106_2,106_3,24,25,0.142257,237.46
Jiang Matcher,validation,genuine,106,106_2,106_3,24,25,0.394734,277.48
SourceAFIS,validation,genuine,107,107_2,107_3,25,26,178.667764481592,0.0016
OpenAFIS,validation,genuine,107,107_2,107_3,25,26,55,235.262
MCC,validation,genuine,107,107_2,107_3,25,26,0.257502,236.53
Jiang Matcher,validation,genuine,107,107_2,107_3,25,26,0.615579,228.46
SourceAFIS,validation,genuine,108,108_2,108_3,31,33,133.453859200354,0.0014
OpenAFIS,validation,genuine,108,108_2,108_3,31,33,43,269.9975
MCC,validation,genuine,108,108_2,108_3,31,33,0.149778,249.45
Jiang Matcher,validation,genuine,108,108_2,108_3,31,33,0.420533,243.22
SourceAFIS,validation,genuine,109,109_2,109_3,18,29,82.705307626662,0.0019
OpenAFIS,validation,genuine,109,109_2,109_3,18,29,15,241.8999
MCC,validation,genuine,109,109_2,109_3,18,29,0.180023,255.97
Jiang Matcher,validation,genuine,109,109_2,109_3,18,29,0.343534,298.71
SourceAFIS,validation,genuine,110,110_2,110_3,20,30,46.231452809209,0.0015
OpenAFIS,validation,genuine,110,110_2,110_3,20,30,37,274.7562
MCC,validation,genuine,110,110_2,110_3,20,30,0.113758,232.84
Jiang Matcher,validation,genuine,110,110_2,110_3,20,30,0.253765,246.12
SourceAFIS,train,genuine,101,101_2,101_4,42,71,13.586162048697,0.0026
OpenAFIS,train,genuine,101,101_2,101_4,42,71,1,252.4194
MCC,train,genuine,101,101_2,101_4,42,71,0.02551,256.15
Jiang Matcher,train,genuine,101,101_2,101_4,42,71,0.117646,359.94
SourceAFIS,train,genuine,102,102_2,102_4,59,53,265.670993191865,0.001
OpenAFIS,train,genuine,102,102_2,102_4,59,53,36,268.4206
MCC,train,genuine,102,102_2,102_4,59,53,0.225377,283
Jiang Matcher,train,genuine,102,102_2,102_4,59,53,0.402895,235.12
SourceAFIS,train,genuine,103,103_2,103_4,42,29,50.678767891627,0.0013
OpenAFIS,train,genuine,103,103_2,103_4,42,29,11,245.7697
MCC,train,genuine,103,103_2,103_4,42,29,0.071593,266.09
Jiang Matcher,train,genuine,103,103_2,103_4,42,29,0.209829,236.37
SourceAFIS,train,genuine,104,104_2,104_4,30,28,81.937902110227,0.0021
OpenAFIS,train,genuine,104,104_2,104_4,30,28,20,240.0515
MCC,train,genuine,104,104_2,104_4,30,28,0.103839,255.7
Jiang Matcher,train,genuine,104,104_2,104_4,30,28,0.344643,253.33
SourceAFIS,train,genuine,105,105_2,105_4,34,42,96.432821019241,0.0019
OpenAFIS,train,genuine,105,105_2,105_4,34,42,28,245.119
MCC,train,genuine,105,105_2,105_4,34,42,0.12932,269.76
Jiang Matcher,train,genuine,105,105_2,105_4,34,42,0.315523,255.37
SourceAFIS,validation,genuine,106,106_2,106_4,24,34,25.527158678421,0.0011
OpenAFIS,validation,genuine,106,106_2,106_4,24,34,3,253.3075
MCC,validation,genuine,106,106_2,106_4,24,34,0.03074,248.4
Jiang Matcher,validation,genuine,106,106_2,106_4,24,34,0.181927,242.6
SourceAFIS,validation,genuine,107,107_2,107_4,25,25,154.104165085528,0.0021
OpenAFIS,validation,genuine,107,107_2,107_4,25,25,46,232.7178
MCC,validation,genuine,107,107_2,107_4,25,25,0.340105,262.42
Jiang Matcher,validation,genuine,107,107_2,107_4,25,25,0.592454,236.54
SourceAFIS,validation,genuine,108,108_2,108_4,31,33,106.770104154198,0.0011
OpenAFIS,validation,genuine,108,108_2,108_4,31,33,47,254.6515
MCC,validation,genuine,108,108_2,108_4,31,33,0.14083,376.33
Jiang Matcher,validation,genuine,108,108_2,108_4,31,33,0.45418,257.7
SourceAFIS,validation,genuine,109,109_2,109_4,18,25,78.19807937402,0.0011
OpenAFIS,validation,genuine,109,109_2,109_4,18,25,26,248.7495
MCC,validation,genuine,109,109_2,109_4,18,25,0.168072,231.86
Jiang Matcher,validation,genuine,109,109_2,109_4,18,25,0.291915,257.43
SourceAFIS,validation,genuine,110,110_2,110_4,20,30,23.553884078962,0.0009
OpenAFIS,validation,genuine,110,110_2,110_4,20,30,0,263.4015
MCC,validation,genuine,110,110_2,110_4,20,30,0.037987,230.81
Jiang Matcher,validation,genuine,110,110_2,110_4,20,30,0.128567,231.89
SourceAFIS,train,genuine,101,101_2,101_5,42,47,18.226423040654,0.0025
OpenAFIS,train,genuine,101,101_2,101_5,42,47,5,286.4554
MCC,train,genuine,101,101_2,101_5,42,47,0.051868,276.64
Jiang Matcher,train,genuine,101,101_2,101_5,42,47,0.332464,286.53
SourceAFIS,train,genuine,102,102_2,102_5,59,55,242.098843898247,0.0015
OpenAFIS,train,genuine,102,102_2,102_5,59,55,42,279.0384
MCC,train,genuine,102,102_2,102_5,59,55,0.167872,321.64
Jiang Matcher,train,genuine,102,102_2,102_5,59,55,0.415771,278.15
SourceAFIS,train,genuine,103,103_2,103_5,42,41,166.1838740107,0.0012
OpenAFIS,train,genuine,103,103_2,103_5,42,41,25,278.2028
MCC,train,genuine,103,103_2,103_5,42,41,0.141977,287.04
Jiang Matcher,train,genuine,103,103_2,103_5,42,41,0.342783,287.52
SourceAFIS,train,genuine,104,104_2,104_5,30,14,45.141530346335,0.0017
OpenAFIS,train,genuine,104,104_2,104_5,30,14,23,274.7963
MCC,train,genuine,104,104_2,104_5,30,14,0.075012,286.16
Jiang Matcher,train,genuine,104,104_2,104_5,30,14,0.103207,420.51
SourceAFIS,train,genuine,105,105_2,105_5,34,31,147.520660373977,0.0015
OpenAFIS,train,genuine,105,105_2,105_5,34,31,50,270.9965
MCC,train,genuine,105,105_2,105_5,34,31,0.216058,272.85
Jiang Matcher,train,genuine,105,105_2,105_5,34,31,0.433549,250.08
SourceAFIS,validation,genuine,106,106_2,106_5,24,42,29.987563765601,0.001
OpenAFIS,validation,genuine,106,106_2,106_5,24,42,2,287.9006
MCC,validation,genuine,106,106_2,106_5,24,42,0.043713,283.04
Jiang Matcher,validation,genuine,106,106_2,106_5,24,42,0.089906,221.69
SourceAFIS,validation,genuine,107,107_2,107_5,25,25,135.071742648697,0.0016
OpenAFIS,validation,genuine,107,107_2,107_5,25,25,51,245.3047
MCC,validation,genuine,107,107_2,107_5,25,25,0.17961,244.18
Jiang Matcher,validation,genuine,107,107_2,107_5,25,25,0.508338,261.1
SourceAFIS,validation,genuine,108,108_2,108_5,31,40,111.149761400295,0.0013
OpenAFIS,validation,genuine,108,108_2,108_5,31,40,26,243.3902
MCC,validation,genuine,108,108_2,108_5,31,40,0.161001,251.6
Jiang Matcher,validation,genuine,108,108_2,108_5,31,40,0.30218,235.17
SourceAFIS,validation,genuine,109,109_2,109_5,18,32,92.472941450635,0.0016
OpenAFIS,validation,genuine,109,109_2,109_5,18,32,14,283.4046
MCC,validation,genuine,109,109_2,109_5,18,32,0.153725,239.72
Jiang Matcher,validation,genuine,109,109_2,109_5,18,32,0.252981,251.25
SourceAFIS,validation,genuine,110,110_2,110_5,20,30,1.772907098867,0.001
OpenAFIS,validation,genuine,110,110_2,110_5,20,30,0,231.9211
MCC,validation,genuine,110,110_2,110_5,20,30,0.031202,266.13
Jiang Matcher,validation,genuine,110,110_2,110_5,20,30,0.154523,222.64
SourceAFIS,train,genuine,101,101_2,101_6,42,44,75.010343524695,0.0026
OpenAFIS,train,genuine,101,101_2,101_6,42,44,4,411.4415
MCC,train,genuine,101,101_2,101_6,42,44,0.055298,336.4
Jiang Matcher,train,genuine,101,101_2,101_6,42,44,0.198637,240.79
SourceAFIS,train,genuine,102,102_2,102_6,59,47,71.4602120177,0.0011
OpenAFIS,train,genuine,102,102_2,102_6,59,47,4,239.0686
MCC,train,genuine,102,102_2,102_6,59,47,0.046679,260.49
Jiang Matcher,train,genuine,102,102_2,102_6,59,47,0.2475,245.46
SourceAFIS,train,genuine,103,103_2,103_6,42,38,281.008640517847,0.0012
OpenAFIS,train,genuine,103,103_2,103_6,42,38,76,242.6882
MCC,train,genuine,103,103_2,103_6,42,38,0.465125,251.96
Jiang Matcher,train,genuine,103,103_2,103_6,42,38,0.51739,235.39
SourceAFIS,train,genuine,104,104_2,104_6,30,25,67.79298326614,0.0015
OpenAFIS,train,genuine,104,104_2,104_6,30,25,30,257.08
MCC,train,genuine,104,104_2,104_6,30,25,0.090336,270.72
Jiang Matcher,train,genuine,104,104_2,104_6,30,25,0.345698,244.84
SourceAFIS,train,genuine,105,105_2,105_6,34,35,106.520595449338,0.0018
OpenAFIS,train,genuine,105,105_2,105_6,34,35,21,269.1824
MCC,train,genuine,105,105_2,105_6,34,35,0.111113,281.87
Jiang Matcher,train,genuine,105,105_2,105_6,34,35,0.307119,226.73
SourceAFIS,validation,genuine,106,106_2,106_6,24,27,74.943176509101,0.0014
OpenAFIS,validation,genuine,106,106_2,106_6,24,27,18,236.2119
MCC,validation,genuine,106,106_2,106_6,24,27,0.088039,255.27
Jiang Matcher,validation,genuine,106,106_2,106_6,24,27,0.334146,265.2
SourceAFIS,validation,genuine,107,107_2,107_6,25,25,51.707676249603,0.0016
OpenAFIS,validation,genuine,107,107_2,107_6,25,25,5,244.7766
MCC,validation,genuine,107,107_2,107_6,25,25,0.053094,256.79
Jiang Matcher,validation,genuine,107,107_2,107_6,25,25,0.241722,242.28
SourceAFIS,validation,genuine,108,108_2,108_6,31,45,135.422315976469,0.0014
OpenAFIS,validation,genuine,108,108_2,108_6,31,45,23,421.8577
MCC,validation,genuine,108,108_2,108_6,31,45,0.116353,248.65
Jiang Matcher,validation,genuine,108,108_2,108_6,31,45,0.345651,257.17
SourceAFIS,validation,genuine,109,109_2,109_6,18,26,82.319390379483,0.0013
OpenAFIS,validation,genuine,109,109_2,109_6,18,26,41,246.3203
MCC,validation,genuine,109,109_2,109_6,18,26,0.179369,262.99
Jiang Matcher,validation,genuine,109,109_2,109_6,18,26,0.290227,257.81
SourceAFIS,validation,genuine,110,110_2,110_6,20,32,57.641294755107,0.0018
OpenAFIS,validation,genuine,110,110_2,110_6,20,32,26,295.9121
MCC,validation,genuine,110,110_2,110_6,20,32,0.116433,264.63
Jiang Matcher,validation,genuine,110,110_2,110_6,20,32,0.222629,257.59
SourceAFIS,train,genuine,101,101_2,101_7,42,29,76.861206403348,0.0029
OpenAFIS,train,genuine,101,101_2,101_7,42,29,16,270.3208
MCC,train,genuine,101,101_2,101_7,42,29,0.117292,275.58
Jiang Matcher,train,genuine,101,101_2,101_7,42,29,0.326376,249.19
SourceAFIS,train,genuine,102,102_2,102_7,59,58,323.767937124109,0.0019
OpenAFIS,train,genuine,102,102_2,102_7,59,58,40,277.138
MCC,train,genuine,102,102_2,102_7,59,58,0.298162,282.89
Jiang Matcher,train,genuine,102,102_2,102_7,59,58,0.527966,254.29
SourceAFIS,train,genuine,103,103_2,103_7,42,40,189.183506545788,0.002
OpenAFIS,train,genuine,103,103_2,103_7,42,40,50,261.8932
MCC,train,genuine,103,103_2,103_7,42,40,0.215985,295.16
Jiang Matcher,train,genuine,103,103_2,103_7,42,40,0.459276,247.79
SourceAFIS,train,genuine,104,104_2,104_7,30,30,61.351253204719,0.0018
OpenAFIS,train,genuine,104,104_2,104_7,30,30,9,250.9908
MCC,train,genuine,104,104_2,104_7,30,30,0.065813,417.67
Jiang Matcher,train,genuine,104,104_2,104_7,30,30,0.314004,234.79
SourceAFIS,train,genuine,105,105_2,105_7,34,29,102.995097696769,0.0014
OpenAFIS,train,genuine,105,105_2,105_7,34,29,19,244.8932
MCC,train,genuine,105,105_2,105_7,34,29,0.175979,251.72
Jiang Matcher,train,genuine,105,105_2,105_7,34,29,0.315375,238.62
SourceAFIS,validation,genuine,106,106_2,106_7,24,37,108.647465975805,0.0015
OpenAFIS,validation,genuine,106,106_2,106_7,24,37,13,237.208
MCC,validation,genuine,106,106_2,106_7,24,37,0.188382,236.11
Jiang Matcher,validation,genuine,106,106_2,106_7,24,37,0.288951,230.2
SourceAFIS,validation,genuine,107,107_2,107_7,25,22,98.885728489011,0.0012
OpenAFIS,validation,genuine,107,107_2,107_7,25,22,11,230.746
MCC,validation,genuine,107,107_2,107_7,25,22,0.176241,252.79
Jiang Matcher,validation,genuine,107,107_2,107_7,25,22,0.459585,247.79
SourceAFIS,validation,genuine,108,108_2,108_7,31,38,152.331140389455,0.0011
OpenAFIS,validation,genuine,108,108_2,108_7,31,38,44,252.4689
MCC,validation,genuine,108,108_2,108_7,31,38,0.240385,248.81
Jiang Matcher,validation,genuine,108,108_2,108_7,31,38,0.442923,256.27
SourceAFIS,validation,genuine,109,109_2,109_7,18,28,97.024914387308,0.0009
OpenAFIS,validation,genuine,109,109_2,109_7,18,28,50,242.6694
MCC,validation,genuine,109,109_2,109_7,18,28,0.228384,231.97
Jiang Matcher,validation,genuine,109,109_2,109_7,18,28,0.276502,224.24
SourceAFIS,validation,genuine,110,110_2,110_7,20,29,21.780625196514,0.0018
OpenAFIS,validation,genuine,110,110_2,110_7,20,29,0,280.6063
MCC,validation,genuine,110,110_2,110_7,20,29,0.068604,286.05
Jiang Matcher,validation,genuine,110,110_2,110_7,20,29,0.139381,276.84
SourceAFIS,train,genuine,101,101_2,101_8,42,41,34.500742668191,0.0024
OpenAFIS,train,genuine,101,101_2,101_8,42,41,3,454.0074
MCC,train,genuine,101,101_2,101_8,42,41,0.062859,276.45
Jiang Matcher,train,genuine,101,101_2,101_8,42,41,0.297576,268.9
SourceAFIS,train,genuine,102,102_2,102_8,59,54,295.204013250943,0.0025
OpenAFIS,train,genuine,102,102_2,102_8,59,54,66,264.9556
MCC,train,genuine,102,102_2,102_8,59,54,0.293682,298.22
Jiang Matcher,train,genuine,102,102_2,102_8,59,54,0.492354,223.49
SourceAFIS,train,genuine,103,103_2,103_8,42,46,150.978925238003,0.001
OpenAFIS,train,genuine,103,103_2,103_8,42,46,25,242.8887
MCC,train,genuine,103,103_2,103_8,42,46,0.156922,266.52
Jiang Matcher,train,genuine,103,103_2,103_8,42,46,0.403927,250.4
SourceAFIS,train,genuine,104,104_2,104_8,30,29,62.124726554825,0.0015
OpenAFIS,train,genuine,104,104_2,104_8,30,29,16,265.4749
MCC,train,genuine,104,104_2,104_8,30,29,0.056203,268.57
Jiang Matcher,train,genuine,104,104_2,104_8,30,29,0.287623,237.34
SourceAFIS,train,genuine,105,105_2,105_8,34,33,171.099352684061,0.002
OpenAFIS,train,genuine,105,105_2,105_8,34,33,64,277.5092
MCC,train,genuine,105,105_2,105_8,34,33,0.167613,271.49
Jiang Matcher,train,genuine,105,105_2,105_8,34,33,0.507517,252.67
SourceAFIS,validation,genuine,106,106_2,106_8,24,32,52.444228085098,0.002
OpenAFIS,validation,genuine,106,106_2,106_8,24,32,0,276.7102
MCC,validation,genuine,106,106_2,106_8,24,32,0.057831,287.6
Jiang Matcher,validation,genuine,106,106_2,106_8,24,32,0.149458,268.01
SourceAFIS,validation,genuine,107,107_2,107_8,25,18,94.640990331935,0.0021
OpenAFIS,validation,genuine,107,107_2,107_8,25,18,43,262.0787
MCC,validation,genuine,107,107_2,107_8,25,18,0.228001,427.6
Jiang Matcher,validation,genuine,107,107_2,107_8,25,18,0.414988,270.17
SourceAFIS,validation,genuine,108,108_2,108_8,31,38,104.123592492007,0.0012
OpenAFIS,validation,genuine,108,108_2,108_8,31,38,30,247.0205
MCC,validation,genuine,108,108_2,108_8,31,38,0.115911,266.95
Jiang Matcher,validation,genuine,108,108_2,108_8,31,38,0.354714,241.38
SourceAFIS,validation,genuine,109,109_2,109_8,18,29,51.469426670158,0.001
OpenAFIS,validation,genuine,109,109_2,109_8,18,29,9,248.8708
MCC,validation,genuine,109,109_2,109_8,18,29,0.081868,248.71
Jiang Matcher,validation,genuine,109,109_2,109_8,18,29,0.202702,250.39
SourceAFIS,validation,genuine,110,110_2,110_8,20,33,17.263217719085,0.0012
OpenAFIS,validation,genuine,110,110_2,110_8,20,33,0,236.368
MCC,validation,genuine,110,110_2,110_8,20,33,0.050763,244.71
Jiang Matcher,validation,genuine,110,110_2,110_8,20,33,0.139956,225.89
SourceAFIS,train,genuine,101,101_3,101_4,24,71,53.46161881883,0.0027
OpenAFIS,train,genuine,101,101_3,101_4,24,71,5,258.1429
MCC,train,genuine,101,101_3,101_4,24,71,0.061715,259.92
Jiang Matcher,train,genuine,101,101_3,101_4,24,71,0.127663,253
SourceAFIS,train,genuine,102,102_3,102_4,46,53,245.919492167881,0.0022
OpenAFIS,train,genuine,102,102_3,102_4,46,53,50,257.2731
MCC,train,genuine,102,102_3,102_4,46,53,0.307822,252.32
Jiang Matcher,train,genuine,102,102_3,102_4,46,53,0.441056,236.28
SourceAFIS,train,genuine,103,103_3,103_4,43,29,71.357134374999,0.0013
OpenAFIS,train,genuine,103,103_3,103_4,43,29,15,271.6522
MCC,train,genuine,103,103_3,103_4,43,29,0.09272,234.96
Jiang Matcher,train,genuine,103,103_3,103_4,43,29,0.230843,247.54
SourceAFIS,train,genuine,104,104_3,104_4,25,28,85.535252472173,0.0018
OpenAFIS,train,genuine,104,104_3,104_4,25,28,20,247.1317
MCC,train,genuine,104,104_3,104_4,25,28,0.104165,506.26
Jiang Matcher,train,genuine,104,104_3,104_4,25,28,0.292803,257.52
SourceAFIS,train,genuine,105,105_3,105_4,24,42,106.801567370315,0.0021
OpenAFIS,train,genuine,105,105_3,105_4,24,42,39,242.1403
MCC,train,genuine,105,105_3,105_4,24,42,0.148962,258.49
Jiang Matcher,train,genuine,105,105_3,105_4,24,42,0.273554,225.74
SourceAFIS,validation,genuine,106,106_3,106_4,25,34,76.287111479054,0.0014
OpenAFIS,validation,genuine,106,106_3,106_4,25,34,16,244.0538
MCC,validation,genuine,106,106_3,106_4,25,34,0.053048,234.23
Jiang Matcher,validation,genuine,106,106_3,106_4,25,34,0.278268,245.94
SourceAFIS,validation,genuine,107,107_3,107_4,26,25,163.759202189684,0.0015
OpenAFIS,validation,genuine,107,107_3,107_4,26,25,74,246.6224
MCC,validation,genuine,107,107_3,107_4,26,25,0.345479,236.6
Jiang Matcher,validation,genuine,107,107_3,107_4,26,25,0.627454,243.96
SourceAFIS,validation,genuine,108,108_3,108_4,33,33,221.841600147979,0.0018
OpenAFIS,validation,genuine,108,108_3,108_4,33,33,62,260.4661
MCC,validation,genuine,108,108_3,108_4,33,33,0.197369,291.33
Jiang Matcher,validation,genuine,108,108_3,108_4,33,33,0.473355,282.37
SourceAFIS,validation,genuine,109,109_3,109_4,29,25,106.728263575326,0.0015
OpenAFIS,validation,genuine,109,109_3,109_4,29,25,35,237.0888
MCC,validation,genuine,109,109_3,109_4,29,25,0.16144,250.65
Jiang Matcher,validation,genuine,109,109_3,109_4,29,25,0.373232,258.73
SourceAFIS,validation,genuine,110,110_3,110_4,30,30,99.148823807554,0.0014
OpenAFIS,validation,genuine,110,110_3,110_4,30,30,18,261.7481
MCC,validation,genuine,110,110_3,110_4,30,30,0.100226,258.06
Jiang Matcher,validation,genuine,110,110_3,110_4,30,30,0.334554,232.47
SourceAFIS,train,impostor,101,101_1,102_2,29,59,2.864972579017,0.0028
OpenAFIS,train,impostor,101,101_1,102_2,29,59,2,441.9431
MCC,train,impostor,101,101_1,102_2,29,59,0.022285,271.25
Jiang Matcher,train,impostor,101,101_1,102_2,29,59,0.056022,254.53
SourceAFIS,train,impostor,102,102_1,103_2,63,42,5.482171351532,0.0016
OpenAFIS,train,impostor,102,102_1,103_2,63,42,0,273.5621
MCC,train,impostor,102,102_1,103_2,63,42,0.022239,274.75
Jiang Matcher,train,impostor,102,102_1,103_2,63,42,0.087302,262.07
SourceAFIS,train,impostor,103,103_1,104_2,41,30,12.029751175148,0.0019
OpenAFIS,train,impostor,103,103_1,104_2,41,30,0,279.6613
MCC,train,impostor,103,103_1,104_2,41,30,0.017844,272.77
Jiang Matcher,train,impostor,103,103_1,104_2,41,30,0.048781,256.59
SourceAFIS,train,impostor,104,104_1,105_2,33,34,3.062166094581,0.0079
OpenAFIS,train,impostor,104,104_1,105_2,33,34,0,247.1664
MCC,train,impostor,104,104_1,105_2,33,34,0.029959,271.36
Jiang Matcher,train,impostor,104,104_1,105_2,33,34,0.090858,255.17
SourceAFIS,train,impostor,105,105_1,106_2,46,24,4.301539881442,0.0016
OpenAFIS,train,impostor,105,105_1,106_2,46,24,0,281.969
MCC,train,impostor,105,105_1,106_2,46,24,0.017901,255.54
Jiang Matcher,train,impostor,105,105_1,106_2,46,24,0.17081,246.97
SourceAFIS,validation,impostor,106,106_1,107_2,25,25,0.330163929053,0.0026
OpenAFIS,validation,impostor,106,106_1,107_2,25,25,0,265.8903
MCC,validation,impostor,106,106_1,107_2,25,25,0.018985,248.2
Jiang Matcher,validation,impostor,106,106_1,107_2,25,25,0.12,475.38
SourceAFIS,validation,impostor,107,107_1,108_2,29,31,0.59368463789,0.0014
OpenAFIS,validation,impostor,107,107_1,108_2,29,31,0,410.1976
MCC,validation,impostor,107,107_1,108_2,29,31,0.01647,267.55
Jiang Matcher,validation,impostor,107,107_1,108_2,29,31,0.081607,238.62
SourceAFIS,validation,impostor,108,108_1,109_2,33,18,0,0.0019
OpenAFIS,validation,impostor,108,108_1,109_2,33,18,0,246.1305
MCC,validation,impostor,108,108_1,109_2,33,18,0.020361,289.92
Jiang Matcher,validation,impostor,108,108_1,109_2,33,18,0,233.83
SourceAFIS,validation,impostor,109,109_1,110_2,40,20,1.151087346548,0.0017
OpenAFIS,validation,impostor,109,109_1,110_2,40,20,0,249.5062
MCC,validation,impostor,109,109_1,110_2,40,20,0.019725,239.82
Jiang Matcher,validation,impostor,109,109_1,110_2,40,20,0.085374,277.9
SourceAFIS,validation,impostor,110,110_1,101_2,29,42,1.801556616207,0.0012
OpenAFIS,validation,impostor,110,110_1,101_2,29,42,0,233.1533
MCC,validation,impostor,110,110_1,101_2,29,42,0.016255,239.91
Jiang Matcher,validation,impostor,110,110_1,101_2,29,42,0.071429,247.72
SourceAFIS,train,impostor,101,101_1,102_3,29,46,3.075882909883,0.0027
OpenAFIS,train,impostor,101,101_1,102_3,29,46,0,343.5178
MCC,train,impostor,101,101_1,102_3,29,46,0.024686,287.73
Jiang Matcher,train,impostor,101,101_1,102_3,29,46,0.108696,241.19
SourceAFIS,train,impostor,102,102_1,103_3,63,43,4.260593426135,0.0011
OpenAFIS,train,impostor,102,102_1,103_3,63,43,1,254.8842
MCC,train,impostor,102,102_1,103_3,63,43,0.022569,257.38
Jiang Matcher,train,impostor,102,102_1,103_3,63,43,0.063492,236.47
SourceAFIS,train,impostor,103,103_1,104_3,41,25,7.31215184032,0.0014
OpenAFIS,train,impostor,103,103_1,104_3,41,25,2,247.6936
MCC,train,impostor,103,103_1,104_3,41,25,0.02264,264.71
Jiang Matcher,train,impostor,103,103_1,104_3,41,25,0.103009,469.89
SourceAFIS,train,impostor,104,104_1,105_3,33,24,1.826929418815,0.0021
OpenAFIS,train,impostor,104,104_1,105_3,33,24,0,254.7391
MCC,train,impostor,104,104_1,105_3,33,24,0.017604,245.2
Jiang Matcher,train,impostor,104,104_1,105_3,33,24,0.060606,252.91
SourceAFIS,train,impostor,105,105_1,106_3,46,25,0.925939376399,0.002
OpenAFIS,train,impostor,105,105_1,106_3,46,25,0,247.0411
MCC,train,impostor,105,105_1,106_3,46,25,0.015947,256.32
Jiang Matcher,train,impostor,105,105_1,106_3,46,25,0.122119,233.04
SourceAFIS,validation,impostor,106,106_1,107_3,25,26,1.714188396745,0.0012
OpenAFIS,validation,impostor,106,106_1,107_3,25,26,0,239.902
MCC,validation,impostor,106,106_1,107_3,25,26,0.020759,251.97
Jiang Matcher,validation,impostor,106,106_1,107_3,25,26,0.019231,250.4
SourceAFIS,validation,impostor,107,107_1,108_3,29,33,4.152830960052,0.0018
OpenAFIS,validation,impostor,107,107_1,108_3,29,33,0,241.0323
MCC,validation,impostor,107,107_1,108_3,29,33,0.018076,267.19
Jiang Matcher,validation,impostor,107,107_1,108_3,29,33,0.075758,265.09
SourceAFIS,validation,impostor,108,108_1,109_3,33,29,3.906397583612,0.0015
OpenAFIS,validation,impostor,108,108_1,109_3,33,29,0,262.6776
MCC,validation,impostor,108,108_1,109_3,33,29,0.02153,285.68
Jiang Matcher,validation,impostor,108,108_1,109_3,33,29,0.121212,271.85
SourceAFIS,validation,impostor,109,109_1,110_3,40,30,4.055188490627,0.0019
OpenAFIS,validation,impostor,109,109_1,110_3,40,30,0,295.4989
MCC,validation,impostor,109,109_1,110_3,40,30,0.018049,289.66
Jiang Matcher,validation,impostor,109,109_1,110_3,40,30,0.107356,261.9
SourceAFIS,validation,impostor,110,110_1,101_3,29,24,2.691824908002,0.0016
OpenAFIS,validation,impostor,110,110_1,101_3,29,24,0,406.839
MCC,validation,impostor,110,110_1,101_3,29,24,0.019149,271.34
Jiang Matcher,validation,impostor,110,110_1,101_3,29,24,0.090196,234.83
SourceAFIS,train,impostor,101,101_1,102_4,29,53,7.391259922837,0.0049
OpenAFIS,train,impostor,101,101_1,102_4,29,53,0,283.1173
MCC,train,impostor,101,101_1,102_4,29,53,0.02257,293.98
Jiang Matcher,train,impostor,101,101_1,102_4,29,53,0.066038,237.83
SourceAFIS,train,impostor,102,102_1,103_4,63,29,4.511613221042,0.0019
OpenAFIS,train,impostor,102,102_1,103_4,63,29,0,279.8489
MCC,train,impostor,102,102_1,103_4,63,29,0.02409,278.66
Jiang Matcher,train,impostor,102,102_1,103_4,63,29,0.084221,230.59
SourceAFIS,train,impostor,103,103_1,104_4,41,28,12.378936021273,0.0014
OpenAFIS,train,impostor,103,103_1,104_4,41,28,0,237.3858
MCC,train,impostor,103,103_1,104_4,41,28,0.022692,251.09
Jiang Matcher,train,impostor,103,103_1,104_4,41,28,0.085366,237.16
SourceAFIS,train,impostor,104,104_1,105_4,33,42,4.890260624968,0.0015
OpenAFIS,train,impostor,104,104_1,105_4,33,42,0,253.8688
MCC,train,impostor,104,104_1,105_4,33,42,0.021426,261.02
Jiang Matcher,train,impostor,104,104_1,105_4,33,42,0.124107,249.75
SourceAFIS,train,impostor,105,105_1,106_4,46,34,17.923036292105,0.0021
OpenAFIS,train,impostor,105,105_1,106_4,46,34,0,242.1056
MCC,train,impostor,105,105_1,106_4,46,34,0.023356,249.42
Jiang Matcher,train,impostor,105,105_1,106_4,46,34,0.184368,247.36
SourceAFIS,validation,impostor,106,106_1,107_4,25,25,2.17147662218,0.0011
OpenAFIS,validation,impostor,106,106_1,107_4,25,25,0,246.216
MCC,validation,impostor,106,106_1,107_4,25,25,0.019959,254.38
Jiang Matcher,validation,impostor,106,106_1,107_4,25,25,0.10015,351.44
SourceAFIS,validation,impostor,107,107_1,108_4,29,33,2.593950590303,0.0017
OpenAFIS,validation,impostor,107,107_1,108_4,29,33,0,259.2608
MCC,validation,impostor,107,107_1,108_4,29,33,0.018988,266.08
Jiang Matcher,validation,impostor,107,107_1,108_4,29,33,0.076398,238.75
SourceAFIS,validation,impostor,108,108_1,109_4,33,25,0.853869914944,0.0011
OpenAFIS,validation,impostor,108,108_1,109_4,33,25,0,247.9879
MCC,validation,impostor,108,108_1,109_4,33,25,0.01895,248.27
Jiang Matcher,validation,impostor,108,108_1,109_4,33,25,0.030303,241.56
SourceAFIS,validation,impostor,109,109_1,110_4,40,30,8.136423873316,0.0013
OpenAFIS,validation,impostor,109,109_1,110_4,40,30,0,244.246
MCC,validation,impostor,109,109_1,110_4,40,30,0.019613,274.29
Jiang Matcher,validation,impostor,109,109_1,110_4,40,30,0.09253,231.51
SourceAFIS,validation,impostor,110,110_1,101_4,29,71,1.148298036504,0.0019
OpenAFIS,validation,impostor,110,110_1,101_4,29,71,0,238.8046
MCC,validation,impostor,110,110_1,101_4,29,71,0.014981,280.25
Jiang Matcher,validation,impostor,110,110_1,101_4,29,71,0.028169,241.08
SourceAFIS,train,impostor,101,101_1,102_5,29,55,7.205158748935,0.0026
OpenAFIS,train,impostor,101,101_1,102_5,29,55,3,242.0137
MCC,train,impostor,101,101_1,102_5,29,55,0.018613,240
Jiang Matcher,train,impostor,101,101_1,102_5,29,55,0.136364,230.33
SourceAFIS,train,impostor,102,102_1,103_5,63,41,1.945312606555,0.0012
OpenAFIS,train,impostor,102,102_1,103_5,63,41,0,260.3188
MCC,train,impostor,102,102_1,103_5,63,41,0.018535,263.51
Jiang Matcher,train,impostor,102,102_1,103_5,63,41,0.063492,246.59
SourceAFIS,train,impostor,103,103_1,104_5,41,14,3.421545985168,0.0014
OpenAFIS,train,impostor,103,103_1,104_5,41,14,0,255.6199
MCC,train,impostor,103,103_1,104_5,41,14,0.020558,271.86
Jiang Matcher,train,impostor,103,103_1,104_5,41,14,0.073171,392.45
SourceAFIS,train,impostor,104,104_1,105_5,33,31,1.199414130051,0.0014
OpenAFIS,train,impostor,104,104_1,105_5,33,31,0,256.0026
MCC,train,impostor,104,104_1,105_5,33,31,0.021346,270.66
Jiang Matcher,train,impostor,104,104_1,105_5,33,31,0.139076,283.03
SourceAFIS,train,impostor,105,105_1,106_5,46,42,9.137023948371,0.0016
OpenAFIS,train,impostor,105,105_1,106_5,46,42,1,265.8965
MCC,train,impostor,105,105_1,106_5,46,42,0.019559,270.56
Jiang Matcher,train,impostor,105,105_1,106_5,46,42,0.155544,277.05
SourceAFIS,validation,impostor,106,106_1,107_5,25,25,2.385985985788,0.0018
OpenAFIS,validation,impostor,106,106_1,107_5,25,25,0,275.1432
MCC,validation,impostor,106,106_1,107_5,25,25,0.020736,257.46
Jiang Matcher,validation,impostor,106,106_1,107_5,25,25,0.1,253.79
SourceAFIS,validation,impostor,107,107_1,108_5,29,40,1.246883165048,0.0011
OpenAFIS,validation,impostor,107,107_1,108_5,29,40,0,274.9806
MCC,validation,impostor,107,107_1,108_5,29,40,0.019021,267.77
Jiang Matcher,validation,impostor,107,107_1,108_5,29,40,0.05,252.97
SourceAFIS,validation,impostor,108,108_1,109_5,33,32,0.940485012804,0.0016
OpenAFIS,validation,impostor,108,108_1,109_5,33,32,0,252.7086
MCC,validation,impostor,108,108_1,109_5,33,32,0.018801,263.74
Jiang Matcher,validation,impostor,108,108_1,109_5,33,32,0.060606,278.76
SourceAFIS,validation,impostor,109,109_1,110_5,40,30,2.658299725287,0.0019
OpenAFIS,validation,impostor,109,109_1,110_5,40,30,0,261.6051
MCC,validation,impostor,109,109_1,110_5,40,30,0.020913,265.26
Jiang Matcher,validation,impostor,109,109_1,110_5,40,30,0.084415,246.23
SourceAFIS,validation,impostor,110,110_1,101_5,29,47,1.004106844868,0.0012
OpenAFIS,validation,impostor,110,110_1,101_5,29,47,0,386.6111
MCC,validation,impostor,110,110_1,101_5,29,47,0.016065,236.13
Jiang Matcher,validation,impostor,110,110_1,101_5,29,47,0.056563,240.32
SourceAFIS,train,impostor,101,101_1,102_6,29,47,2.142531520305,0.0024
OpenAFIS,train,impostor,101,101_1,102_6,29,47,0,251.1524
MCC,train,impostor,101,101_1,102_6,29,47,0.019601,267.63
Jiang Matcher,train,impostor,101,101_1,102_6,29,47,0.085106,240.28
SourceAFIS,train,impostor,102,102_1,103_6,63,38,1.401536095161,0.0022
OpenAFIS,train,impostor,102,102_1,103_6,63,38,1,244.5706
MCC,train,impostor,102,102_1,103_6,63,38,0.020301,264.27
Jiang Matcher,train,impostor,102,102_1,103_6,63,38,0.059402,234.32
SourceAFIS,train,impostor,103,103_1,104_6,41,25,4.998609484603,0.0012
OpenAFIS,train,impostor,103,103_1,104_6,41,25,0,246.495
MCC,train,impostor,103,103_1,104_6,41,25,0.021879,267.65
Jiang Matcher,train,impostor,103,103_1,104_6,41,25,0.08976,265.08
SourceAFIS,train,impostor,104,104_1,105_6,33,35,4.065567275203,0.0015
OpenAFIS,train,impostor,104,104_1,105_6,33,35,0,240.6525
MCC,train,impostor,104,104_1,105_6,33,35,0.022477,266.96
Jiang Matcher,train,impostor,104,104_1,105_6,33,35,0.185795,241.29
SourceAFIS,train,impostor,105,105_1,106_6,46,27,0,0.0013
OpenAFIS,train,impostor,105,105_1,106_6,46,27,0,246.8182
MCC,train,impostor,105,105_1,106_6,46,27,0.023835,237.54
Jiang Matcher,train,impostor,105,105_1,106_6,46,27,0.133066,245.25
SourceAFIS,validation,impostor,106,106_1,107_6,25,25,2.852087090432,0.0014
OpenAFIS,validation,impostor,106,106_1,107_6,25,25,0,236.0292
MCC,validation,impostor,106,106_1,107_6,25,25,0.018786,255.96
Jiang Matcher,validation,impostor,106,106_1,107_6,25,25,0.08,374.89
SourceAFIS,validation,impostor,107,107_1,108_6,29,45,2.122440361284,0.0012
OpenAFIS,validation,impostor,107,107_1,108_6,29,45,0,240.882
MCC,validation,impostor,107,107_1,108_6,29,45,0.01956,261.3
Jiang Matcher,validation,impostor,107,107_1,108_6,29,45,0.055556,257.73
SourceAFIS,validation,impostor,108,108_1,109_6,33,26,0,0.0015
OpenAFIS,validation,impostor,108,108_1,109_6,33,26,0,255.8038
MCC,validation,impostor,108,108_1,109_6,33,26,0.016782,237.05
Jiang Matcher,validation,impostor,108,108_1,109_6,33,26,0.090909,238.03
SourceAFIS,validation,impostor,109,109_1,110_6,40,32,4.376385486047,0.0018
OpenAFIS,validation,impostor,109,109_1,110_6,40,32,0,255.2225
MCC,validation,impostor,109,109_1,110_6,40,32,0.018818,256.6
Jiang Matcher,validation,impostor,109,109_1,110_6,40,32,0.064659,234.54
SourceAFIS,validation,impostor,110,110_1,101_6,29,44,0.17741678777,0.0011
OpenAFIS,validation,impostor,110,110_1,101_6,29,44,0,288.64
MCC,validation,impostor,110,110_1,101_6,29,44,0.016545,263.34
Jiang Matcher,validation,impostor,110,110_1,101_6,29,44,0.118712,262.31
SourceAFIS,train,impostor,101,101_1,102_7,29,58,12.393884381423,0.0031
OpenAFIS,train,impostor,101,101_1,102_7,29,58,0,237.7577
MCC,train,impostor,101,101_1,102_7,29,58,0.021929,241.35
Jiang Matcher,train,impostor,101,101_1,102_7,29,58,0.060345,265.22
SourceAFIS,train,impostor,102,102_1,103_7,63,40,3.827285104314,0.0016
OpenAFIS,train,impostor,102,102_1,103_7,63,40,0,269.325
MCC,train,impostor,102,102_1,103_7,63,40,0.020176,277.04
Jiang Matcher,train,impostor,102,102_1,103_7,63,40,0.079365,253.1
SourceAFIS,train,impostor,103,103_1,104_7,41,30,8.849965740774,0.0015
OpenAFIS,train,impostor,103,103_1,104_7,41,30,2,272.092
MCC,train,impostor,103,103_1,104_7,41,30,0.023376,412.99
Jiang Matcher,train,impostor,103,103_1,104_7,41,30,0.087212,277.14
SourceAFIS,train,impostor,104,104_1,105_7,33,29,1.386112185381,0.0016
OpenAFIS,train,impostor,104,104_1,105_7,33,29,0,270.3785
MCC,train,impostor,104,104_1,105_7,33,29,0.023962,272.02
Jiang Matcher,train,impostor,104,104_1,105_7,33,29,0.090909,285.39
SourceAFIS,train,impostor,105,105_1,106_7,46,37,11.116749313147,0.0019
OpenAFIS,train,impostor,105,105_1,106_7,46,37,1,271.9919
MCC,train,impostor,105,105_1,106_7,46,37,0.021112,290.69
Jiang Matcher,train,impostor,105,105_1,106_7,46,37,0.227369,227.51
SourceAFIS,validation,impostor,106,106_1,107_7,25,22,1.426869457735,0.0017
OpenAFIS,validation,impostor,106,106_1,107_7,25,22,0,246.0011
MCC,validation,impostor,106,106_1,107_7,25,22,0.019468,257.87
Jiang Matcher,validation,impostor,106,106_1,107_7,25,22,0.1,253.24
SourceAFIS,validation,impostor,107,107_1,108_7,29,38,2.566761285752,0.0011
OpenAFIS,validation,impostor,107,107_1,108_7,29,38,0,252.6817
MCC,validation,impostor,107,107_1,108_7,29,38,0.016161,247.39
Jiang Matcher,validation,impostor,107,107_1,108_7,29,38,0.119679,242.54
SourceAFIS,validation,impostor,108,108_1,109_7,33,28,3.794363372383,0.0018
OpenAFIS,validation,impostor,108,108_1,109_7,33,28,0,242.237
MCC,validation,impostor,108,108_1,109_7,33,28,0.01763,271.08
Jiang Matcher,validation,impostor,108,108_1,109_7,33,28,0.200688,237.88
SourceAFIS,validation,impostor,109,109_1,110_7,40,29,4.376300204322,0.0016
OpenAFIS,validation,impostor,109,109_1,110_7,40,29,0,256.6752
MCC,validation,impostor,109,109_1,110_7,40,29,0.021526,262.01
Jiang Matcher,validation,impostor,109,109_1,110_7,40,29,0.067157,246.27
SourceAFIS,validation,impostor,110,110_1,101_7,29,29,0,0.0016
OpenAFIS,validation,impostor,110,110_1,101_7,29,29,0,426.7745
MCC,validation,impostor,110,110_1,101_7,29,29,0.016813,247.64
Jiang Matcher,validation,impostor,110,110_1,101_7,29,29,0.073217,237.28
SourceAFIS,train,impostor,101,101_1,102_8,29,54,9.528368115605,0.0026
OpenAFIS,train,impostor,101,101_1,102_8,29,54,0,259.7326
MCC,train,impostor,101,101_1,102_8,29,54,0.021536,253.29
Jiang Matcher,train,impostor,101,101_1,102_8,29,54,0.070526,238.22
SourceAFIS,train,impostor,102,102_1,103_8,63,46,5.009540166754,0.0013
OpenAFIS,train,impostor,102,102_1,103_8,63,46,1,265.2742
MCC,train,impostor,102,102_1,103_8,63,46,0.023958,251.45
Jiang Matcher,train,impostor,102,102_1,103_8,63,46,0.171172,230.34
SourceAFIS,train,impostor,103,103_1,104_8,41,29,6.442255307949,0.0016
OpenAFIS,train,impostor,103,103_1,104_8,41,29,0,239.6383
MCC,train,impostor,103,103_1,104_8,41,29,0.018463,258.51
Jiang Matcher,train,impostor,103,103_1,104_8,41,29,0.02439,249.11
SourceAFIS,train,impostor,104,104_1,105_8,33,33,1.028792449055,0.0017
OpenAFIS,train,impostor,104,104_1,105_8,33,33,4,247.5207
MCC,train,impostor,104,104_1,105_8,33,33,0.029183,249.55
Jiang Matcher,train,impostor,104,104_1,105_8,33,33,0.198813,247.3
SourceAFIS,train,impostor,105,105_1,106_8,46,32,2.272021502268,0.0011
OpenAFIS,train,impostor,105,105_1,106_8,46,32,3,244.6212
MCC,train,impostor,105,105_1,106_8,46,32,0.017305,256.07
Jiang Matcher,train,impostor,105,105_1,106_8,46,32,0.135967,240.15
SourceAFIS,validation,impostor,106,106_1,107_8,25,18,0.650453907813,0.0015
OpenAFIS,validation,impostor,106,106_1,107_8,25,18,0,248.306
MCC,validation,impostor,106,106_1,107_8,25,18,0.017323,233.72
Jiang Matcher,validation,impostor,106,106_1,107_8,25,18,0.06,402.76
SourceAFIS,validation,impostor,107,107_1,108_8,29,38,2.788351601366,0.0021
OpenAFIS,validation,impostor,107,107_1,108_8,29,38,0,250.5893
MCC,validation,impostor,107,107_1,108_8,29,38,0.017815,256.55
Jiang Matcher,validation,impostor,107,107_1,108_8,29,38,0.078947,231.83
SourceAFIS,validation,impostor,108,108_1,109_8,33,29,0.409242972103,0.0012
OpenAFIS,validation,impostor,108,108_1,109_8,33,29,0,242.9287
MCC,validation,impostor,108,108_1,109_8,33,29,0.022551,236.38
Jiang Matcher,validation,impostor,108,108_1,109_8,33,29,0.075758,262.67
SourceAFIS,validation,impostor,109,109_1,110_8,40,33,1.821221666356,0.0017
OpenAFIS,validation,impostor,109,109_1,110_8,40,33,0,274.8045
MCC,validation,impostor,109,109_1,110_8,40,33,0.01541,267.97
Jiang Matcher,validation,impostor,109,109_1,110_8,40,33,0.116366,290.33
SourceAFIS,validation,impostor,110,110_1,101_8,29,41,2.754666337787,0.0021
OpenAFIS,validation,impostor,110,110_1,101_8,29,41,0,302.9854
MCC,validation,impostor,110,110_1,101_8,29,41,0.014521,273.67
Jiang Matcher,validation,impostor,110,110_1,101_8,29,41,0.077517,266.19
SourceAFIS,train,impostor,101,101_2,102_3,42,46,2.396747150403,0.0031
OpenAFIS,train,impostor,101,101_2,102_3,42,46,1,344.9082
MCC,train,impostor,101,101_2,102_3,42,46,0.017889,270.63
Jiang Matcher,train,impostor,101,101_2,102_3,42,46,0.130435,246.39
SourceAFIS,train,impostor,102,102_2,103_3,59,43,9.911880753515,0.002
OpenAFIS,train,impostor,102,102_2,103_3,59,43,1,265.5865
MCC,train,impostor,102,102_2,103_3,59,43,0.021448,301.64
Jiang Matcher,train,impostor,102,102_2,103_3,59,43,0.156693,226.66
SourceAFIS,train,impostor,103,103_2,104_3,42,25,2.311692036885,0.001
OpenAFIS,train,impostor,103,103_2,104_3,42,25,2,426.3026
MCC,train,impostor,103,103_2,104_3,42,25,0.025612,259.25
Jiang Matcher,train,impostor,103,103_2,104_3,42,25,0.086192,247.9
SourceAFIS,train,impostor,104,104_2,105_3,30,24,0.542472455062,0.002
OpenAFIS,train,impostor,104,104_2,105_3,30,24,0,242.4212
MCC,train,impostor,104,104_2,105_3,30,24,0.018994,253.34
Jiang Matcher,train,impostor,104,104_2,105_3,30,24,0.116667,244.92
SourceAFIS,train,impostor,105,105_2,106_3,34,25,2.626679233771,0.0021
OpenAFIS,train,impostor,105,105_2,106_3,34,25,0,265.1194
MCC,train,impostor,105,105_2,106_3,34,25,0.018035,235
Jiang Matcher,train,impostor,105,105_2,106_3,34,25,0.161765,245.16
SourceAFIS,validation,impostor,106,106_2,107_3,24,26,0.502187620051,0.0017
OpenAFIS,validation,impostor,106,106_2,107_3,24,26,0,255.0093
MCC,validation,impostor,106,106_2,107_3,24,26,0.017096,272.19
Jiang Matcher,validation,impostor,106,106_2,107_3,24,26,0.026993,237.66
SourceAFIS,validation,impostor,107,107_2,108_3,25,33,1.367149218975,0.0018
OpenAFIS,validation,impostor,107,107_2,108_3,25,33,0,233.2855
MCC,validation,impostor,107,107_2,108_3,25,33,0.017561,243.86
Jiang Matcher,validation,impostor,107,107_2,108_3,25,33,0.090909,253.3
SourceAFIS,validation,impostor,108,108_2,109_3,31,29,0.681576521166,0.002
OpenAFIS,validation,impostor,108,108_2,109_3,31,29,0,251.4058
MCC,validation,impostor,108,108_2,109_3,31,29,0.020329,256.43
Jiang Matcher,validation,impostor,108,108_2,109_3,31,29,0.115384,241.05
SourceAFIS,validation,impostor,109,109_2,110_3,18,30,1.142346717872,0.0011
OpenAFIS,validation,impostor,109,109_2,110_3,18,30,0,253.3361
MCC,validation,impostor,109,109_2,110_3,18,30,0.019738,246.9
Jiang Matcher,validation,impostor,109,109_2,110_3,18,30,0.05,327.62
SourceAFIS,validation,impostor,110,110_2,101_3,20,24,9.483097052261,0.0024
OpenAFIS,validation,impostor,110,110_2,101_3,20,24,0,354.0041
MCC,validation,impostor,110,110_2,101_3,20,24,0.028442,241.9
Jiang Matcher,validation,impostor,110,110_2,101_3,20,24,0.042397,255.04
SourceAFIS,train,impostor,101,101_2,102_4,42,53,2.253684773592,0.003
OpenAFIS,train,impostor,101,101_2,102_4,42,53,1,252.1213
MCC,train,impostor,101,101_2,102_4,42,53,0.017581,258.57
Jiang Matcher,train,impostor,101,101_2,102_4,42,53,0.075472,250.53
SourceAFIS,train,impostor,102,102_2,103_4,59,29,6.096761323847,0.0014
OpenAFIS,train,impostor,102,102_2,103_4,59,29,0,243.2278
MCC,train,impostor,102,102_2,103_4,59,29,0.023359,243.77
Jiang Matcher,train,impostor,102,102_2,103_4,59,29,0.084926,255.59
SourceAFIS,train,impostor,103,103_2,104_4,42,28,6.447995151529,0.0014
OpenAFIS,train,impostor,103,103_2,104_4,42,28,0,263.1033
MCC,train,impostor,103,103_2,104_4,42,28,0.027668,255.56
Jiang Matcher,train,impostor,103,103_2,104_4,42,28,0.083333,237
SourceAFIS,train,impostor,104,104_2,105_4,30,42,2.206651201332,0.0018
OpenAFIS,train,impostor,104,104_2,105_4,30,42,0,247.7447
MCC,train,impostor,104,104_2,105_4,30,42,0.021851,264.37
Jiang Matcher,train,impostor,104,104_2,105_4,30,42,0.101333,240.17
SourceAFIS,train,impostor,105,105_2,106_4,34,34,15.398651165496,0.0014
OpenAFIS,train,impostor,105,105_2,106_4,34,34,0,262.2792
MCC,train,impostor,105,105_2,106_4,34,34,0.017917,257.41
Jiang Matcher,train,impostor,105,105_2,106_4,34,34,0.088235,261.4
SourceAFIS,validation,impostor,106,106_2,107_4,24,25,0.166757452177,0.0015
OpenAFIS,validation,impostor,106,106_2,107_4,24,25,0,238.459
MCC,validation,impostor,106,106_2,107_4,24,25,0.014155,360.3
Jiang Matcher,validation,impostor,106,106_2,107_4,24,25,0.060468,350.91
SourceAFIS,validation,impostor,107,107_2,108_4,25,33,2.619835171581,0.0013
OpenAFIS,validation,impostor,107,107_2,108_4,25,33,0,263.1029
MCC,validation,impostor,107,107_2,108_4,25,33,0.017871,260.26
Jiang Matcher,validation,impostor,107,107_2,108_4,25,33,0.045455,271.4
SourceAFIS,validation,impostor,108,108_2,109_4,31,25,1.788062486224,0.0018
OpenAFIS,validation,impostor,108,108_2,109_4,31,25,0,276.4057
MCC,validation,impostor,108,108_2,109_4,31,25,0.01824,273.21
Jiang Matcher,validation,impostor,108,108_2,109_4,31,25,0.048387,271.48
SourceAFIS,validation,impostor,109,109_2,110_4,18,30,3.23001109901,0.0014
OpenAFIS,validation,impostor,109,109_2,110_4,18,30,0,292.0512
MCC,validation,impostor,109,109_2,110_4,18,30,0.020778,277.47
Jiang Matcher,validation,impostor,109,109_2,110_4,18,30,0.083333,258.46
SourceAFIS,validation,impostor,110,110_2,101_4,20,71,1.884207350444,0.0018
OpenAFIS,validation,impostor,110,110_2,101_4,20,71,0,237.4834
MCC,validation,impostor,110,110_2,101_4,20,71,0.013992,252.28
Jiang Matcher,validation,impostor,110,110_2,101_4,20,71,0.049296,272.53
SourceAFIS,train,impostor,101,101_2,102_5,42,55,10.243797907979,0.0026
OpenAFIS,train,impostor,101,101_2,102_5,42,55,1,249.6978
MCC,train,impostor,101,101_2,102_5,42,55,0.019791,257.65
Jiang Matcher,train,impostor,101,101_2,102_5,42,55,0.145901,259.14
SourceAFIS,train,impostor,102,102_2,103_5,59,41,4.959761626037,0.0011
OpenAFIS,train,impostor,102,102_2,103_5,59,41,0,245.3709
MCC,train,impostor,102,102_2,103_5,59,41,0.018754,251.37
Jiang Matcher,train,impostor,102,102_2,103_5,59,41,0.096082,231.3
SourceAFIS,train,impostor,103,103_2,104_5,42,14,8.864517230018,0.0018
OpenAFIS,train,impostor,103,103_2,104_5,42,14,0,421.2289
MCC,train,impostor,103,103_2,104_5,42,14,0.02353,242.65
Jiang Matcher,train,impostor,103,103_2,104_5,42,14,0.088453,234
SourceAFIS,train,impostor,104,104_2,105_5,30,31,0.905183999566,0.0012
OpenAFIS,train,impostor,104,104_2,105_5,30,31,0,242.6416
MCC,train,impostor,104,104_2,105_5,30,31,0.020996,273.03
Jiang Matcher,train,impostor,104,104_2,105_5,30,31,0.145161,244.45
SourceAFIS,train,impostor,105,105_2,106_5,34,42,6.226171059475,0.0014
OpenAFIS,train,impostor,105,105_2,106_5,34,42,2,248.6942
MCC,train,impostor,105,105_2,106_5,34,42,0.028908,455.16
Jiang Matcher,train,impostor,105,105_2,106_5,34,42,0.130952,231.71
SourceAFIS,validation,impostor,106,106_2,107_5,24,25,1.122633901668,0.0011
OpenAFIS,validation,impostor,106,106_2,107_5,24,25,0,246.7849
MCC,validation,impostor,106,106_2,107_5,24,25,0.018957,249.37
Jiang Matcher,validation,impostor,106,106_2,107_5,24,25,0.049257,246.72
SourceAFIS,validation,impostor,107,107_2,108_5,25,40,2.462391881447,0.0022
OpenAFIS,validation,impostor,107,107_2,108_5,25,40,0,265.8726
MCC,validation,impostor,107,107_2,108_5,25,40,0.018275,249.14
Jiang Matcher,validation,impostor,107,107_2,108_5,25,40,0.05,244.5
SourceAFIS,validation,impostor,108,108_2,109_5,31,32,1.797927468212,0.0015
OpenAFIS,validation,impostor,108,108_2,109_5,31,32,0,237.3502
MCC,validation,impostor,108,108_2,109_5,31,32,0.016417,251.24
Jiang Matcher,validation,impostor,108,108_2,109_5,31,32,0.136118,243.76
SourceAFIS,validation,impostor,109,109_2,110_5,18,30,3.245906908898,0.0016
OpenAFIS,validation,impostor,109,109_2,110_5,18,30,0,258.9715
MCC,validation,impostor,109,109_2,110_5,18,30,0.021268,244.93
Jiang Matcher,validation,impostor,109,109_2,110_5,18,30,0.05,445.97
SourceAFIS,validation,impostor,110,110_2,101_5,20,47,0.895154471651,0.0017
OpenAFIS,validation,impostor,110,110_2,101_5,20,47,0,245.3973
MCC,validation,impostor,110,110_2,101_5,20,47,0.016439,244.69
Jiang Matcher,validation,impostor,110,110_2,101_5,20,47,0.057443,239.74
SourceAFIS,train,impostor,101,101_2,102_6,42,47,0,0.0032
OpenAFIS,train,impostor,101,101_2,102_6,42,47,0,248.7402
MCC,train,impostor,101,101_2,102_6,42,47,0.016285,250.35
Jiang Matcher,train,impostor,101,101_2,102_6,42,47,0.063929,246
SourceAFIS,train,impostor,102,102_2,103_6,59,38,4.112138232979,0.0015
OpenAFIS,train,impostor,102,102_2,103_6,59,38,1,251.2647
MCC,train,impostor,102,102_2,103_6,59,38,0.018777,252.55
Jiang Matcher,train,impostor,102,102_2,103_6,59,38,0.094235,242.64
SourceAFIS,train,impostor,103,103_2,104_6,42,25,6.911339788481,0.0011
OpenAFIS,train,impostor,103,103_2,104_6,42,25,0,247.1673
MCC,train,impostor,103,103_2,104_6,42,25,0.020148,292.51
Jiang Matcher,train,impostor,103,103_2,104_6,42,25,0.10089,269.72
SourceAFIS,train,impostor,104,104_2,105_6,30,35,8.980860701156,0.0012
OpenAFIS,train,impostor,104,104_2,105_6,30,35,0,257.7282
MCC,train,impostor,104,104_2,105_6,30,35,0.020791,275.35
Jiang Matcher,train,impostor,104,104_2,105_6,30,35,0.175806,266.49
SourceAFIS,train,impostor,105,105_2,106_6,34,27,7.535025776128,0.0019
OpenAFIS,train,impostor,105,105_2,106_6,34,27,0,287.6553
MCC,train,impostor,105,105_2,106_6,34,27,0.029646,289.26
Jiang Matcher,train,impostor,105,105_2,106_6,34,27,0.201088,266.46
SourceAFIS,validation,impostor,106,106_2,107_6,24,25,4.723552520178,0.0016
OpenAFIS,validation,impostor,106,106_2,107_6,24,25,0,407.5912
MCC,validation,impostor,106,106_2,107_6,24,25,0.015164,268.73
Jiang Matcher,validation,impostor,106,106_2,107_6,24,25,0.110283,234.71
SourceAFIS,validation,impostor,107,107_2,108_6,25,45,0,0.0021
OpenAFIS,validation,impostor,107,107_2,108_6,25,45,0,250.2746
MCC,validation,impostor,107,107_2,108_6,25,45,0.015217,256.39
Jiang Matcher,validation,impostor,107,107_2,108_6,25,45,0.055556,224.85
SourceAFIS,validation,impostor,108,108_2,109_6,31,26,0.478194608979,0.0023
OpenAFIS,validation,impostor,108,108_2,109_6,31,26,0,258.6354
MCC,validation,impostor,108,108_2,109_6,31,26,0.017247,262.06
Jiang Matcher,validation,impostor,108,108_2,109_6,31,26,0.178438,255.08
SourceAFIS,validation,impostor,109,109_2,110_6,18,32,1.197697957408,0.0019
OpenAFIS,validation,impostor,109,109_2,110_6,18,32,0,254.5132
MCC,validation,impostor,109,109_2,110_6,18,32,0.021941,268.34
Jiang Matcher,validation,impostor,109,109_2,110_6,18,32,0.015625,236.69
SourceAFIS,validation,impostor,110,110_2,101_6,20,44,0,0.0013
OpenAFIS,validation,impostor,110,110_2,101_6,20,44,0,257.7957
MCC,validation,impostor,110,110_2,101_6,20,44,0.026016,242.35
Jiang Matcher,validation,impostor,110,110_2,101_6,20,44,0.034091,238.46
SourceAFIS,train,impostor,101,101_2,102_7,42,58,8.501064241654,0.0037
OpenAFIS,train,impostor,101,101_2,102_7,42,58,2,285.7482
MCC,train,impostor,101,101_2,102_7,42,58,0.018456,255.56
Jiang Matcher,train,impostor,101,101_2,102_7,42,58,0.094828,250.9
SourceAFIS,train,impostor,102,102_2,103_7,59,40,1.38051752779,0.0018
OpenAFIS,train,impostor,102,102_2,103_7,59,40,0,253.3345
MCC,train,impostor,102,102_2,103_7,59,40,0.020346,266.11
Jiang Matcher,train,impostor,102,102_2,103_7,59,40,0.076271,432.8
SourceAFIS,train,impostor,103,103_2,104_7,42,30,4.094976017786,0.0015
OpenAFIS,train,impostor,103,103_2,104_7,42,30,0,241.2568
MCC,train,impostor,103,103_2,104_7,42,30,0.0197,250.84
Jiang Matcher,train,impostor,103,103_2,104_7,42,30,0.084591,228.66
SourceAFIS,train,impostor,104,104_2,105_7,30,29,2.606528824127,0.0012
OpenAFIS,train,impostor,104,104_2,105_7,30,29,0,257.7909
MCC,train,impostor,104,104_2,105_7,30,29,0.017989,251.34
Jiang Matcher,train,impostor,104,104_2,105_7,30,29,0.086237,243.28
SourceAFIS,train,impostor,105,105_2,106_7,34,37,7.234360730282,0.0017
OpenAFIS,train,impostor,105,105_2,106_7,34,37,0,254.533
MCC,train,impostor,105,105_2,106_7,34,37,0.022752,258.16
Jiang Matcher,train,impostor,105,105_2,106_7,34,37,0.1742,239.27
SourceAFIS,validation,impostor,106,106_2,107_7,24,22,0.417126083169,0.0012
OpenAFIS,validation,impostor,106,106_2,107_7,24,22,0,235.088
MCC,validation,impostor,106,106_2,107_7,24,22,0.017341,248.64
Jiang Matcher,validation,impostor,106,106_2,107_7,24,22,0.0625,231.61
SourceAFIS,validation,impostor,107,107_2,108_7,25,38,0.6947006452,0.0019
OpenAFIS,validation,impostor,107,107_2,108_7,25,38,0,251.4058
MCC,validation,impostor,107,107_2,108_7,25,38,0.017583,252.91
Jiang Matcher,validation,impostor,107,107_2,108_7,25,38,0.092117,237.41
SourceAFIS,validation,impostor,108,108_2,109_7,31,28,0,0.0013
OpenAFIS,validation,impostor,108,108_2,109_7,31,28,0,241.0573
MCC,validation,impostor,108,108_2,109_7,31,28,0.019254,249.82
Jiang Matcher,validation,impostor,108,108_2,109_7,31,28,0.132041,239.36
SourceAFIS,validation,impostor,109,109_2,110_7,18,29,2.510199398916,0.0016
OpenAFIS,validation,impostor,109,109_2,110_7,18,29,0,239.8311
MCC,validation,impostor,109,109_2,110_7,18,29,0.024762,253.1
Jiang Matcher,validation,impostor,109,109_2,110_7,18,29,0.086207,439.08
SourceAFIS,validation,impostor,110,110_2,101_7,20,29,0,0.0021
OpenAFIS,validation,impostor,110,110_2,101_7,20,29,0,242.6758
MCC,validation,impostor,110,110_2,101_7,20,29,0.021741,254.16
Jiang Matcher,validation,impostor,110,110_2,101_7,20,29,0.066279,266.36
SourceAFIS,train,impostor,101,101_2,102_8,42,54,10.13113031958,0.0034
OpenAFIS,train,impostor,101,101_2,102_8,42,54,2,263.2896
MCC,train,impostor,101,101_2,102_8,42,54,0.020403,259.05
Jiang Matcher,train,impostor,101,101_2,102_8,42,54,0.12037,268.44
SourceAFIS,train,impostor,102,102_2,103_8,59,46,6.653624473147,0.0018
OpenAFIS,train,impostor,102,102_2,103_8,59,46,1,283.4509
MCC,train,impostor,102,102_2,103_8,59,46,0.02235,275.42
Jiang Matcher,train,impostor,102,102_2,103_8,59,46,0.123288,255.68
SourceAFIS,train,impostor,103,103_2,104_8,42,29,2.095092055523,0.0012
OpenAFIS,train,impostor,103,103_2,104_8,42,29,0,261.9258
MCC,train,impostor,103,103_2,104_8,42,29,0.017691,273.12
Jiang Matcher,train,impostor,103,103_2,104_8,42,29,0.119048,235.7
SourceAFIS,train,impostor,104,104_2,105_8,30,33,2.836994466172,0.0012
OpenAFIS,train,impostor,104,104_2,105_8,30,33,0,262.2544
MCC,train,impostor,104,104_2,105_8,30,33,0.023653,252.23
Jiang Matcher,train,impostor,104,104_2,105_8,30,33,0.090909,269.01
SourceAFIS,train,impostor,105,105_2,106_8,34,32,2.491769761284,0.0013
OpenAFIS,train,impostor,105,105_2,106_8,34,32,0,242.9355
MCC,train,impostor,105,105_2,106_8,34,32,0.023158,273.01
Jiang Matcher,train,impostor,105,105_2,106_8,34,32,0.168932,232.49
SourceAFIS,validation,impostor,106,106_2,107_8,24,18,4.599219384694,0.0013
OpenAFIS,validation,impostor,106,106_2,107_8,24,18,0,416.6875
MCC,validation,impostor,106,106_2,107_8,24,18,0.017164,241.16
Jiang Matcher,validation,impostor,106,106_2,107_8,24,18,0.020833,240.84
SourceAFIS,validation,impostor,107,107_2,108_8,25,38,0,0.0018
OpenAFIS,validation,impostor,107,107_2,108_8,25,38,0,250.1869
MCC,validation,impostor,107,107_2,108_8,25,38,0.018269,266.42
Jiang Matcher,validation,impostor,107,107_2,108_8,25,38,0.118421,244.67
SourceAFIS,validation,impostor,108,108_2,109_8,31,29,0.599919223366,0.0014
OpenAFIS,validation,impostor,108,108_2,109_8,31,29,0,233.3694
MCC,validation,impostor,108,108_2,109_8,31,29,0.021867,237.18
Jiang Matcher,validation,impostor,108,108_2,109_8,31,29,0.146383,254.59
SourceAFIS,validation,impostor,109,109_2,110_8,18,33,0.936781528213,0.0015
OpenAFIS,validation,impostor,109,109_2,110_8,18,33,0,241.1164
MCC,validation,impostor,109,109_2,110_8,18,33,0.015513,237.72
Jiang Matcher,validation,impostor,109,109_2,110_8,18,33,0.078332,257.91
SourceAFIS,validation,impostor,110,110_2,101_8,20,41,0,0.0012
OpenAFIS,validation,impostor,110,110_2,101_8,20,41,0,252.0128
MCC,validation,impostor,110,110_2,101_8,20,41,0.015372,263.71
Jiang Matcher,validation,impostor,110,110_2,101_8,20,41,0.09904,240.61
SourceAFIS,train,impostor,101,101_3,102_4,24,53,0.718996078935,0.0034
OpenAFIS,train,impostor,101,101_3,102_4,24,53,0,236.7656
MCC,train,impostor,101,101_3,102_4,24,53,0.016587,239.29
Jiang Matcher,train,impostor,101,101_3,102_4,24,53,0.08208,238.94
SourceAFIS,train,impostor,102,102_3,103_4,46,29,2.107038859759,0.002
OpenAFIS,train,impostor,102,102_3,103_4,46,29,1,245.067
MCC,train,impostor,102,102_3,103_4,46,29,0.02781,237.52
Jiang Matcher,train,impostor,102,102_3,103_4,46,29,0.119066,233.48
SourceAFIS,train,impostor,103,103_3,104_4,43,28,5.125941145614,0.0013
OpenAFIS,train,impostor,103,103_3,104_4,43,28,0,425.2158
MCC,train,impostor,103,103_3,104_4,43,28,0.023113,252.5
Jiang Matcher,train,impostor,103,103_3,104_4,43,28,0.081395,481.47
SourceAFIS,train,impostor,104,104_3,105_4,25,42,1.347385445801,0.0015
OpenAFIS,train,impostor,104,104_3,105_4,25,42,2,252.5744
MCC,train,impostor,104,104_3,105_4,25,42,0.020487,241.19
Jiang Matcher,train,impostor,104,104_3,105_4,25,42,0.097902,239.36
SourceAFIS,train,impostor,105,105_3,106_4,24,34,1.878217003002,0.0018
OpenAFIS,train,impostor,105,105_3,106_4,24,34,0,244.3364
MCC,train,impostor,105,105_3,106_4,24,34,0.018852,258.68
Jiang Matcher,train,impostor,105,105_3,106_4,24,34,0.093249,249.94
SourceAFIS,validation,impostor,106,106_3,107_4,25,25,6.055929623337,0.0013
OpenAFIS,validation,impostor,106,106_3,107_4,25,25,0,234.1309
MCC,validation,impostor,106,106_3,107_4,25,25,0.019535,238.5
Jiang Matcher,validation,impostor,106,106_3,107_4,25,25,0.08,253.08
SourceAFIS,validation,impostor,107,107_3,108_4,26,33,2.371918414317,0.002
OpenAFIS,validation,impostor,107,107_3,108_4,26,33,0,268.2524
MCC,validation,impostor,107,107_3,108_4,26,33,0.017221,240.02
Jiang Matcher,validation,impostor,107,107_3,108_4,26,33,0.106061,253.37
SourceAFIS,validation,impostor,108,108_3,109_4,33,25,0.832499482019,0.0016
OpenAFIS,validation,impostor,108,108_3,109_4,33,25,0,273.3118
MCC,validation,impostor,108,108_3,109_4,33,25,0.021002,267.29
Jiang Matcher,validation,impostor,108,108_3,109_4,33,25,0.097024,254.15
SourceAFIS,validation,impostor,109,109_3,110_4,29,30,4.918248956883,0.0019
OpenAFIS,validation,impostor,109,109_3,110_4,29,30,0,262.5773
MCC,validation,impostor,109,109_3,110_4,29,30,0.021849,413.46
Jiang Matcher,validation,impostor,109,109_3,110_4,29,30,0.118907,274.13
SourceAFIS,validation,impostor,110,110_3,101_4,30,71,2.606754461091,0.002
OpenAFIS,validation,impostor,110,110_3,101_4,30,71,0,279.4343
MCC,validation,impostor,110,110_3,101_4,30,71,0.017496,275.11
Jiang Matcher,validation,impostor,110,110_3,101_4,30,71,0.094056,256.89
