feed,threshold,tp,fn,fp,tn,accuracy,precision,recall,f1,far,frr,balancedAccuracy
modified,0,280,0,280,0,0.5,0.5,1,0.6666666666666666,1,0,0.5
modified,1,280,0,279,1,0.5017857142857143,0.5008944543828264,1,0.66746126340882,0.9964285714285714,0,0.5017857142857143
modified,2,280,0,279,1,0.5017857142857143,0.5008944543828264,1,0.66746126340882,0.9964285714285714,0,0.5017857142857143
modified,3,280,0,279,1,0.5017857142857143,0.5008944543828264,1,0.66746126340882,0.9964285714285714,0,0.5017857142857143
modified,4,279,1,259,21,0.5357142857142857,0.5185873605947955,0.9964285714285714,0.6821515892420538,0.925,0.0035714285714285713,0.5357142857142857
modified,5,276,4,206,74,0.625,0.5726141078838174,0.9857142857142858,0.7244094488188976,0.7357142857142858,0.014285714285714285,0.625
modified,6,273,7,166,114,0.6910714285714286,0.621867881548975,0.975,0.7593880389429765,0.5928571428571429,0.025,0.6910714285714286
modified,7,273,7,119,161,0.775,0.6964285714285714,0.975,0.8125,0.425,0.025,0.7749999999999999
modified,8,271,9,91,189,0.8214285714285714,0.7486187845303868,0.9678571428571429,0.8442367601246106,0.325,0.03214285714285714,0.8214285714285714
modified,9,262,18,54,226,0.8714285714285714,0.8291139240506329,0.9357142857142857,0.8791946308724832,0.19285714285714287,0.06428571428571428,0.8714285714285714
modified,10,259,21,34,246,0.9017857142857143,0.8839590443686007,0.925,0.9040139616055847,0.12142857142857143,0.075,0.9017857142857143
modified,11,253,27,27,253,0.9035714285714286,0.9035714285714286,0.9035714285714286,0.9035714285714286,0.09642857142857143,0.09642857142857143,0.9035714285714286
modified,12,248,32,15,265,0.9160714285714285,0.9429657794676806,0.8857142857142857,0.9134438305709023,0.05357142857142857,0.11428571428571428,0.9160714285714285
modified,13,244,36,9,271,0.9196428571428571,0.9644268774703557,0.8714285714285714,0.9155722326454033,0.03214285714285714,0.12857142857142856,0.9196428571428572
modified,14,239,41,6,274,0.9160714285714285,0.9755102040816327,0.8535714285714285,0.9104761904761904,0.02142857142857143,0.14642857142857144,0.9160714285714285
modified,15,236,44,4,276,0.9142857142857143,0.9833333333333333,0.8428571428571429,0.9076923076923077,0.014285714285714285,0.15714285714285714,0.9142857142857144
modified,16,230,50,3,277,0.9053571428571429,0.9871244635193133,0.8214285714285714,0.8966861598440545,0.010714285714285714,0.17857142857142858,0.9053571428571429
modified,17,229,51,2,278,0.9053571428571429,0.9913419913419913,0.8178571428571428,0.8962818003913895,0.007142857142857143,0.18214285714285713,0.9053571428571429
modified,18,221,59,2,278,0.8910714285714286,0.9910313901345291,0.7892857142857143,0.878727634194831,0.007142857142857143,0.21071428571428572,0.8910714285714285
modified,19,216,64,1,279,0.8839285714285714,0.9953917050691244,0.7714285714285715,0.869215291750503,0.0035714285714285713,0.22857142857142856,0.8839285714285714
modified,20,213,67,0,280,0.8803571428571428,1,0.7607142857142857,0.8640973630831643,0,0.2392857142857143,0.8803571428571428
modified,21,207,73,0,280,0.8696428571428572,1,0.7392857142857143,0.8501026694045175,0,0.26071428571428573,0.8696428571428572
modified,22,202,78,0,280,0.8607142857142858,1,0.7214285714285714,0.8381742738589211,0,0.2785714285714286,0.8607142857142858
modified,23,199,81,0,280,0.8553571428571428,1,0.7107142857142857,0.8308977035490606,0,0.2892857142857143,0.8553571428571429
modified,24,196,84,0,280,0.85,1,0.7,0.8235294117647058,0,0.3,0.85
modified,25,195,85,0,280,0.8482142857142857,1,0.6964285714285714,0.8210526315789474,0,0.30357142857142855,0.8482142857142857
modified,26,192,88,0,280,0.8428571428571429,1,0.6857142857142857,0.8135593220338984,0,0.3142857142857143,0.8428571428571429
modified,27,185,95,0,280,0.8303571428571429,1,0.6607142857142857,0.7956989247311829,0,0.3392857142857143,0.8303571428571428
modified,28,185,95,0,280,0.8303571428571429,1,0.6607142857142857,0.7956989247311829,0,0.3392857142857143,0.8303571428571428
modified,29,183,97,0,280,0.8267857142857142,1,0.6535714285714286,0.7904967602591794,0,0.3464285714285714,0.8267857142857142
modified,30,177,103,0,280,0.8160714285714286,1,0.6321428571428571,0.774617067833698,0,0.3678571428571429,0.8160714285714286
modified,31,170,110,0,280,0.8035714285714286,1,0.6071428571428571,0.7555555555555554,0,0.39285714285714285,0.8035714285714286
modified,32,165,115,0,280,0.7946428571428571,1,0.5892857142857143,0.7415730337078651,0,0.4107142857142857,0.7946428571428572
modified,33,156,124,0,280,0.7785714285714286,1,0.5571428571428572,0.7155963302752294,0,0.44285714285714284,0.7785714285714286
modified,34,153,127,0,280,0.7732142857142857,1,0.5464285714285714,0.7066974595842956,0,0.45357142857142857,0.7732142857142856
modified,35,148,132,0,280,0.7642857142857142,1,0.5285714285714286,0.691588785046729,0,0.4714285714285714,0.7642857142857142
modified,36,145,135,0,280,0.7589285714285714,1,0.5178571428571429,0.6823529411764707,0,0.48214285714285715,0.7589285714285714
modified,37,143,137,0,280,0.7553571428571428,1,0.5107142857142857,0.6761229314420804,0,0.48928571428571427,0.7553571428571428
modified,38,137,143,0,280,0.7446428571428572,1,0.48928571428571427,0.6570743405275778,0,0.5107142857142857,0.7446428571428572
modified,39,134,146,0,280,0.7392857142857143,1,0.4785714285714286,0.6473429951690821,0,0.5214285714285715,0.7392857142857143
modified,40,134,146,0,280,0.7392857142857143,1,0.4785714285714286,0.6473429951690821,0,0.5214285714285715,0.7392857142857143
modified,41,131,149,0,280,0.7339285714285714,1,0.46785714285714286,0.6374695863746959,0,0.5321428571428571,0.7339285714285715
modified,42,131,149,0,280,0.7339285714285714,1,0.46785714285714286,0.6374695863746959,0,0.5321428571428571,0.7339285714285715
modified,43,126,154,0,280,0.725,1,0.45,0.6206896551724138,0,0.55,0.725
modified,44,124,156,0,280,0.7214285714285714,1,0.44285714285714284,0.6138613861386139,0,0.5571428571428572,0.7214285714285714
modified,45,122,158,0,280,0.7178571428571429,1,0.4357142857142857,0.6069651741293532,0,0.5642857142857143,0.7178571428571429
modified,46,119,161,0,280,0.7125,1,0.425,0.5964912280701754,0,0.575,0.7125
modified,47,118,162,0,280,0.7107142857142857,1,0.42142857142857143,0.592964824120603,0,0.5785714285714286,0.7107142857142857
modified,48,116,164,0,280,0.7071428571428572,1,0.4142857142857143,0.5858585858585859,0,0.5857142857142857,0.7071428571428572
modified,49,113,167,0,280,0.7017857142857142,1,0.4035714285714286,0.5750636132315522,0,0.5964285714285714,0.7017857142857142
modified,50,110,170,0,280,0.6964285714285714,1,0.39285714285714285,0.5641025641025641,0,0.6071428571428571,0.6964285714285714
modified,51,109,171,0,280,0.6946428571428571,1,0.3892857142857143,0.5604113110539846,0,0.6107142857142858,0.6946428571428571
modified,52,109,171,0,280,0.6946428571428571,1,0.3892857142857143,0.5604113110539846,0,0.6107142857142858,0.6946428571428571
modified,53,109,171,0,280,0.6946428571428571,1,0.3892857142857143,0.5604113110539846,0,0.6107142857142858,0.6946428571428571
modified,54,108,172,0,280,0.6928571428571428,1,0.38571428571428573,0.5567010309278351,0,0.6142857142857143,0.6928571428571428
modified,55,105,175,0,280,0.6875,1,0.375,0.5454545454545454,0,0.625,0.6875
modified,56,104,176,0,280,0.6857142857142857,1,0.37142857142857144,0.5416666666666666,0,0.6285714285714286,0.6857142857142857
modified,57,103,177,0,280,0.6839285714285714,1,0.3678571428571429,0.5378590078328982,0,0.6321428571428571,0.6839285714285714
modified,58,100,180,0,280,0.6785714285714286,1,0.35714285714285715,0.5263157894736842,0,0.6428571428571429,0.6785714285714286
modified,59,100,180,0,280,0.6785714285714286,1,0.35714285714285715,0.5263157894736842,0,0.6428571428571429,0.6785714285714286
modified,60,98,182,0,280,0.675,1,0.35,0.5185185185185185,0,0.65,0.675
modified,61,95,185,0,280,0.6696428571428571,1,0.3392857142857143,0.5066666666666666,0,0.6607142857142857,0.6696428571428572
modified,62,93,187,0,280,0.6660714285714285,1,0.33214285714285713,0.49865951742627346,0,0.6678571428571428,0.6660714285714285
modified,63,91,189,0,280,0.6625,1,0.325,0.4905660377358491,0,0.675,0.6625
modified,64,89,191,0,280,0.6589285714285714,1,0.31785714285714284,0.48238482384823844,0,0.6821428571428572,0.6589285714285714
modified,65,87,193,0,280,0.6553571428571429,1,0.3107142857142857,0.47411444141689374,0,0.6892857142857143,0.6553571428571429
modified,66,86,194,0,280,0.6535714285714286,1,0.30714285714285716,0.46994535519125685,0,0.6928571428571428,0.6535714285714286
modified,67,84,196,0,280,0.65,1,0.3,0.4615384615384615,0,0.7,0.65
modified,68,83,197,0,280,0.6482142857142857,1,0.29642857142857143,0.4573002754820936,0,0.7035714285714286,0.6482142857142857
modified,69,80,200,0,280,0.6428571428571429,1,0.2857142857142857,0.4444444444444445,0,0.7142857142857143,0.6428571428571428
modified,70,77,203,0,280,0.6375,1,0.275,0.4313725490196079,0,0.725,0.6375
modified,71,75,205,0,280,0.6339285714285714,1,0.26785714285714285,0.4225352112676056,0,0.7321428571428571,0.6339285714285714
modified,72,75,205,0,280,0.6339285714285714,1,0.26785714285714285,0.4225352112676056,0,0.7321428571428571,0.6339285714285714
modified,73,75,205,0,280,0.6339285714285714,1,0.26785714285714285,0.4225352112676056,0,0.7321428571428571,0.6339285714285714
modified,74,74,206,0,280,0.6321428571428571,1,0.2642857142857143,0.4180790960451978,0,0.7357142857142858,0.6321428571428571
modified,75,72,208,0,280,0.6285714285714286,1,0.2571428571428571,0.40909090909090906,0,0.7428571428571429,0.6285714285714286
modified,76,69,211,0,280,0.6232142857142857,1,0.24642857142857144,0.39541547277936967,0,0.7535714285714286,0.6232142857142857
modified,77,69,211,0,280,0.6232142857142857,1,0.24642857142857144,0.39541547277936967,0,0.7535714285714286,0.6232142857142857
modified,78,68,212,0,280,0.6214285714285714,1,0.24285714285714285,0.3908045977011494,0,0.7571428571428571,0.6214285714285714
modified,79,66,214,0,280,0.6178571428571429,1,0.2357142857142857,0.3815028901734104,0,0.7642857142857142,0.6178571428571429
modified,80,63,217,0,280,0.6125,1,0.225,0.36734693877551017,0,0.775,0.6125
modified,81,63,217,0,280,0.6125,1,0.225,0.36734693877551017,0,0.775,0.6125
modified,82,62,218,0,280,0.6107142857142858,1,0.22142857142857142,0.36257309941520466,0,0.7785714285714286,0.6107142857142858
modified,83,62,218,0,280,0.6107142857142858,1,0.22142857142857142,0.36257309941520466,0,0.7785714285714286,0.6107142857142858
modified,84,62,218,0,280,0.6107142857142858,1,0.22142857142857142,0.36257309941520466,0,0.7785714285714286,0.6107142857142858
modified,85,61,219,0,280,0.6089285714285714,1,0.21785714285714286,0.3577712609970674,0,0.7821428571428571,0.6089285714285715
modified,86,58,222,0,280,0.6035714285714285,1,0.20714285714285716,0.3431952662721894,0,0.7928571428571428,0.6035714285714285
modified,87,57,223,0,280,0.6017857142857143,1,0.20357142857142857,0.33827893175074186,0,0.7964285714285714,0.6017857142857143
modified,88,57,223,0,280,0.6017857142857143,1,0.20357142857142857,0.33827893175074186,0,0.7964285714285714,0.6017857142857143
modified,89,57,223,0,280,0.6017857142857143,1,0.20357142857142857,0.33827893175074186,0,0.7964285714285714,0.6017857142857143
modified,90,57,223,0,280,0.6017857142857143,1,0.20357142857142857,0.33827893175074186,0,0.7964285714285714,0.6017857142857143
modified,91,56,224,0,280,0.6,1,0.2,0.33333333333333337,0,0.8,0.6
modified,92,54,226,0,280,0.5964285714285714,1,0.19285714285714287,0.32335329341317365,0,0.8071428571428572,0.5964285714285714
modified,93,53,227,0,280,0.5946428571428571,1,0.18928571428571428,0.3183183183183183,0,0.8107142857142857,0.5946428571428571
modified,94,52,228,0,280,0.5928571428571429,1,0.18571428571428572,0.3132530120481928,0,0.8142857142857143,0.5928571428571429
modified,95,52,228,0,280,0.5928571428571429,1,0.18571428571428572,0.3132530120481928,0,0.8142857142857143,0.5928571428571429
modified,96,48,232,0,280,0.5857142857142857,1,0.17142857142857143,0.2926829268292683,0,0.8285714285714286,0.5857142857142857
modified,97,48,232,0,280,0.5857142857142857,1,0.17142857142857143,0.2926829268292683,0,0.8285714285714286,0.5857142857142857
modified,98,48,232,0,280,0.5857142857142857,1,0.17142857142857143,0.2926829268292683,0,0.8285714285714286,0.5857142857142857
modified,99,48,232,0,280,0.5857142857142857,1,0.17142857142857143,0.2926829268292683,0,0.8285714285714286,0.5857142857142857
modified,100,47,233,0,280,0.5839285714285715,1,0.16785714285714284,0.2874617737003058,0,0.8321428571428572,0.5839285714285715
modified,101,46,234,0,280,0.5821428571428572,1,0.16428571428571428,0.2822085889570552,0,0.8357142857142857,0.5821428571428572
modified,102,44,236,0,280,0.5785714285714286,1,0.15714285714285714,0.271604938271605,0,0.8428571428571429,0.5785714285714285
modified,103,44,236,0,280,0.5785714285714286,1,0.15714285714285714,0.271604938271605,0,0.8428571428571429,0.5785714285714285
modified,104,43,237,0,280,0.5767857142857142,1,0.15357142857142858,0.26625386996904027,0,0.8464285714285714,0.5767857142857142
modified,105,42,238,0,280,0.575,1,0.15,0.2608695652173913,0,0.85,0.575
modified,106,42,238,0,280,0.575,1,0.15,0.2608695652173913,0,0.85,0.575
modified,107,42,238,0,280,0.575,1,0.15,0.2608695652173913,0,0.85,0.575
modified,108,42,238,0,280,0.575,1,0.15,0.2608695652173913,0,0.85,0.575
modified,109,42,238,0,280,0.575,1,0.15,0.2608695652173913,0,0.85,0.575
modified,110,40,240,0,280,0.5714285714285714,1,0.14285714285714285,0.25,0,0.8571428571428571,0.5714285714285714
modified,111,40,240,0,280,0.5714285714285714,1,0.14285714285714285,0.25,0,0.8571428571428571,0.5714285714285714
modified,112,40,240,0,280,0.5714285714285714,1,0.14285714285714285,0.25,0,0.8571428571428571,0.5714285714285714
modified,113,39,241,0,280,0.5696428571428571,1,0.1392857142857143,0.24451410658307213,0,0.8607142857142858,0.5696428571428571
modified,114,39,241,0,280,0.5696428571428571,1,0.1392857142857143,0.24451410658307213,0,0.8607142857142858,0.5696428571428571
modified,115,38,242,0,280,0.5678571428571428,1,0.1357142857142857,0.2389937106918239,0,0.8642857142857143,0.5678571428571428
modified,116,38,242,0,280,0.5678571428571428,1,0.1357142857142857,0.2389937106918239,0,0.8642857142857143,0.5678571428571428
modified,117,36,244,0,280,0.5642857142857143,1,0.12857142857142856,0.22784810126582278,0,0.8714285714285714,0.5642857142857143
modified,118,36,244,0,280,0.5642857142857143,1,0.12857142857142856,0.22784810126582278,0,0.8714285714285714,0.5642857142857143
modified,119,36,244,0,280,0.5642857142857143,1,0.12857142857142856,0.22784810126582278,0,0.8714285714285714,0.5642857142857143
modified,120,36,244,0,280,0.5642857142857143,1,0.12857142857142856,0.22784810126582278,0,0.8714285714285714,0.5642857142857143
modified,121,36,244,0,280,0.5642857142857143,1,0.12857142857142856,0.22784810126582278,0,0.8714285714285714,0.5642857142857143
modified,122,36,244,0,280,0.5642857142857143,1,0.12857142857142856,0.22784810126582278,0,0.8714285714285714,0.5642857142857143
modified,123,36,244,0,280,0.5642857142857143,1,0.12857142857142856,0.22784810126582278,0,0.8714285714285714,0.5642857142857143
modified,124,35,245,0,280,0.5625,1,0.125,0.2222222222222222,0,0.875,0.5625
modified,125,35,245,0,280,0.5625,1,0.125,0.2222222222222222,0,0.875,0.5625
modified,126,35,245,0,280,0.5625,1,0.125,0.2222222222222222,0,0.875,0.5625
modified,127,35,245,0,280,0.5625,1,0.125,0.2222222222222222,0,0.875,0.5625
modified,128,34,246,0,280,0.5607142857142857,1,0.12142857142857143,0.21656050955414013,0,0.8785714285714286,0.5607142857142857
modified,129,33,247,0,280,0.5589285714285714,1,0.11785714285714285,0.2108626198083067,0,0.8821428571428571,0.5589285714285714
modified,130,33,247,0,280,0.5589285714285714,1,0.11785714285714285,0.2108626198083067,0,0.8821428571428571,0.5589285714285714
modified,131,33,247,0,280,0.5589285714285714,1,0.11785714285714285,0.2108626198083067,0,0.8821428571428571,0.5589285714285714
modified,132,33,247,0,280,0.5589285714285714,1,0.11785714285714285,0.2108626198083067,0,0.8821428571428571,0.5589285714285714
modified,133,33,247,0,280,0.5589285714285714,1,0.11785714285714285,0.2108626198083067,0,0.8821428571428571,0.5589285714285714
modified,134,31,249,0,280,0.5553571428571429,1,0.11071428571428571,0.19935691318327972,0,0.8892857142857142,0.5553571428571429
modified,135,30,250,0,280,0.5535714285714286,1,0.10714285714285714,0.19354838709677416,0,0.8928571428571429,0.5535714285714286
modified,136,30,250,0,280,0.5535714285714286,1,0.10714285714285714,0.19354838709677416,0,0.8928571428571429,0.5535714285714286
modified,137,30,250,0,280,0.5535714285714286,1,0.10714285714285714,0.19354838709677416,0,0.8928571428571429,0.5535714285714286
modified,138,30,250,0,280,0.5535714285714286,1,0.10714285714285714,0.19354838709677416,0,0.8928571428571429,0.5535714285714286
modified,139,30,250,0,280,0.5535714285714286,1,0.10714285714285714,0.19354838709677416,0,0.8928571428571429,0.5535714285714286
modified,140,30,250,0,280,0.5535714285714286,1,0.10714285714285714,0.19354838709677416,0,0.8928571428571429,0.5535714285714286
modified,141,30,250,0,280,0.5535714285714286,1,0.10714285714285714,0.19354838709677416,0,0.8928571428571429,0.5535714285714286
modified,142,30,250,0,280,0.5535714285714286,1,0.10714285714285714,0.19354838709677416,0,0.8928571428571429,0.5535714285714286
modified,143,30,250,0,280,0.5535714285714286,1,0.10714285714285714,0.19354838709677416,0,0.8928571428571429,0.5535714285714286
modified,144,30,250,0,280,0.5535714285714286,1,0.10714285714285714,0.19354838709677416,0,0.8928571428571429,0.5535714285714286
modified,145,28,252,0,280,0.55,1,0.1,0.18181818181818182,0,0.9,0.55
modified,146,27,253,0,280,0.5482142857142858,1,0.09642857142857143,0.1758957654723127,0,0.9035714285714286,0.5482142857142858
modified,147,27,253,0,280,0.5482142857142858,1,0.09642857142857143,0.1758957654723127,0,0.9035714285714286,0.5482142857142858
modified,148,27,253,0,280,0.5482142857142858,1,0.09642857142857143,0.1758957654723127,0,0.9035714285714286,0.5482142857142858
modified,149,27,253,0,280,0.5482142857142858,1,0.09642857142857143,0.1758957654723127,0,0.9035714285714286,0.5482142857142858
modified,150,27,253,0,280,0.5482142857142858,1,0.09642857142857143,0.1758957654723127,0,0.9035714285714286,0.5482142857142858
modified,151,26,254,0,280,0.5464285714285714,1,0.09285714285714286,0.1699346405228758,0,0.9071428571428571,0.5464285714285715
modified,152,25,255,0,280,0.5446428571428571,1,0.08928571428571429,0.1639344262295082,0,0.9107142857142857,0.5446428571428571
modified,153,25,255,0,280,0.5446428571428571,1,0.08928571428571429,0.1639344262295082,0,0.9107142857142857,0.5446428571428571
modified,154,25,255,0,280,0.5446428571428571,1,0.08928571428571429,0.1639344262295082,0,0.9107142857142857,0.5446428571428571
modified,155,25,255,0,280,0.5446428571428571,1,0.08928571428571429,0.1639344262295082,0,0.9107142857142857,0.5446428571428571
modified,156,25,255,0,280,0.5446428571428571,1,0.08928571428571429,0.1639344262295082,0,0.9107142857142857,0.5446428571428571
modified,157,25,255,0,280,0.5446428571428571,1,0.08928571428571429,0.1639344262295082,0,0.9107142857142857,0.5446428571428571
modified,158,25,255,0,280,0.5446428571428571,1,0.08928571428571429,0.1639344262295082,0,0.9107142857142857,0.5446428571428571
modified,159,25,255,0,280,0.5446428571428571,1,0.08928571428571429,0.1639344262295082,0,0.9107142857142857,0.5446428571428571
modified,160,25,255,0,280,0.5446428571428571,1,0.08928571428571429,0.1639344262295082,0,0.9107142857142857,0.5446428571428571
modified,161,25,255,0,280,0.5446428571428571,1,0.08928571428571429,0.1639344262295082,0,0.9107142857142857,0.5446428571428571
modified,162,24,256,0,280,0.5428571428571428,1,0.08571428571428572,0.15789473684210528,0,0.9142857142857143,0.5428571428571428
modified,163,24,256,0,280,0.5428571428571428,1,0.08571428571428572,0.15789473684210528,0,0.9142857142857143,0.5428571428571428
modified,164,24,256,0,280,0.5428571428571428,1,0.08571428571428572,0.15789473684210528,0,0.9142857142857143,0.5428571428571428
modified,165,23,257,0,280,0.5410714285714285,1,0.08214285714285714,0.15181518151815182,0,0.9178571428571428,0.5410714285714285
modified,166,23,257,0,280,0.5410714285714285,1,0.08214285714285714,0.15181518151815182,0,0.9178571428571428,0.5410714285714285
modified,167,22,258,0,280,0.5392857142857143,1,0.07857142857142857,0.1456953642384106,0,0.9214285714285714,0.5392857142857143
modified,168,22,258,0,280,0.5392857142857143,1,0.07857142857142857,0.1456953642384106,0,0.9214285714285714,0.5392857142857143
modified,169,22,258,0,280,0.5392857142857143,1,0.07857142857142857,0.1456953642384106,0,0.9214285714285714,0.5392857142857143
modified,170,22,258,0,280,0.5392857142857143,1,0.07857142857142857,0.1456953642384106,0,0.9214285714285714,0.5392857142857143
modified,171,22,258,0,280,0.5392857142857143,1,0.07857142857142857,0.1456953642384106,0,0.9214285714285714,0.5392857142857143
modified,172,21,259,0,280,0.5375,1,0.075,0.13953488372093023,0,0.925,0.5375
modified,173,21,259,0,280,0.5375,1,0.075,0.13953488372093023,0,0.925,0.5375
modified,174,21,259,0,280,0.5375,1,0.075,0.13953488372093023,0,0.925,0.5375
modified,175,21,259,0,280,0.5375,1,0.075,0.13953488372093023,0,0.925,0.5375
modified,176,20,260,0,280,0.5357142857142857,1,0.07142857142857142,0.13333333333333333,0,0.9285714285714286,0.5357142857142857
modified,177,19,261,0,280,0.5339285714285714,1,0.06785714285714285,0.12709030100334448,0,0.9321428571428572,0.5339285714285714
modified,178,17,263,0,280,0.5303571428571429,1,0.060714285714285714,0.11447811447811447,0,0.9392857142857143,0.5303571428571429
modified,179,17,263,0,280,0.5303571428571429,1,0.060714285714285714,0.11447811447811447,0,0.9392857142857143,0.5303571428571429
modified,180,17,263,0,280,0.5303571428571429,1,0.060714285714285714,0.11447811447811447,0,0.9392857142857143,0.5303571428571429
modified,181,17,263,0,280,0.5303571428571429,1,0.060714285714285714,0.11447811447811447,0,0.9392857142857143,0.5303571428571429
modified,182,16,264,0,280,0.5285714285714286,1,0.05714285714285714,0.1081081081081081,0,0.9428571428571428,0.5285714285714286
modified,183,15,265,0,280,0.5267857142857143,1,0.05357142857142857,0.10169491525423728,0,0.9464285714285714,0.5267857142857143
modified,184,15,265,0,280,0.5267857142857143,1,0.05357142857142857,0.10169491525423728,0,0.9464285714285714,0.5267857142857143
modified,185,14,266,0,280,0.525,1,0.05,0.09523809523809523,0,0.95,0.525
modified,186,14,266,0,280,0.525,1,0.05,0.09523809523809523,0,0.95,0.525
modified,187,12,268,0,280,0.5214285714285715,1,0.04285714285714286,0.0821917808219178,0,0.9571428571428572,0.5214285714285715
modified,188,12,268,0,280,0.5214285714285715,1,0.04285714285714286,0.0821917808219178,0,0.9571428571428572,0.5214285714285715
modified,189,11,269,0,280,0.5196428571428572,1,0.039285714285714285,0.07560137457044673,0,0.9607142857142857,0.5196428571428572
modified,190,9,271,0,280,0.5160714285714286,1,0.03214285714285714,0.06228373702422146,0,0.9678571428571429,0.5160714285714285
modified,191,9,271,0,280,0.5160714285714286,1,0.03214285714285714,0.06228373702422146,0,0.9678571428571429,0.5160714285714285
modified,192,9,271,0,280,0.5160714285714286,1,0.03214285714285714,0.06228373702422146,0,0.9678571428571429,0.5160714285714285
modified,193,9,271,0,280,0.5160714285714286,1,0.03214285714285714,0.06228373702422146,0,0.9678571428571429,0.5160714285714285
modified,194,9,271,0,280,0.5160714285714286,1,0.03214285714285714,0.06228373702422146,0,0.9678571428571429,0.5160714285714285
modified,195,9,271,0,280,0.5160714285714286,1,0.03214285714285714,0.06228373702422146,0,0.9678571428571429,0.5160714285714285
modified,196,9,271,0,280,0.5160714285714286,1,0.03214285714285714,0.06228373702422146,0,0.9678571428571429,0.5160714285714285
modified,197,9,271,0,280,0.5160714285714286,1,0.03214285714285714,0.06228373702422146,0,0.9678571428571429,0.5160714285714285
modified,198,9,271,0,280,0.5160714285714286,1,0.03214285714285714,0.06228373702422146,0,0.9678571428571429,0.5160714285714285
modified,199,9,271,0,280,0.5160714285714286,1,0.03214285714285714,0.06228373702422146,0,0.9678571428571429,0.5160714285714285
modified,200,9,271,0,280,0.5160714285714286,1,0.03214285714285714,0.06228373702422146,0,0.9678571428571429,0.5160714285714285
modified,201,9,271,0,280,0.5160714285714286,1,0.03214285714285714,0.06228373702422146,0,0.9678571428571429,0.5160714285714285
modified,202,9,271,0,280,0.5160714285714286,1,0.03214285714285714,0.06228373702422146,0,0.9678571428571429,0.5160714285714285
modified,203,9,271,0,280,0.5160714285714286,1,0.03214285714285714,0.06228373702422146,0,0.9678571428571429,0.5160714285714285
modified,204,9,271,0,280,0.5160714285714286,1,0.03214285714285714,0.06228373702422146,0,0.9678571428571429,0.5160714285714285
modified,205,9,271,0,280,0.5160714285714286,1,0.03214285714285714,0.06228373702422146,0,0.9678571428571429,0.5160714285714285
modified,206,9,271,0,280,0.5160714285714286,1,0.03214285714285714,0.06228373702422146,0,0.9678571428571429,0.5160714285714285
modified,207,9,271,0,280,0.5160714285714286,1,0.03214285714285714,0.06228373702422146,0,0.9678571428571429,0.5160714285714285
modified,208,9,271,0,280,0.5160714285714286,1,0.03214285714285714,0.06228373702422146,0,0.9678571428571429,0.5160714285714285
modified,209,9,271,0,280,0.5160714285714286,1,0.03214285714285714,0.06228373702422146,0,0.9678571428571429,0.5160714285714285
modified,210,9,271,0,280,0.5160714285714286,1,0.03214285714285714,0.06228373702422146,0,0.9678571428571429,0.5160714285714285
modified,211,9,271,0,280,0.5160714285714286,1,0.03214285714285714,0.06228373702422146,0,0.9678571428571429,0.5160714285714285
modified,212,8,272,0,280,0.5142857142857142,1,0.02857142857142857,0.05555555555555556,0,0.9714285714285714,0.5142857142857142
modified,213,7,273,0,280,0.5125,1,0.025,0.04878048780487806,0,0.975,0.5125
modified,214,7,273,0,280,0.5125,1,0.025,0.04878048780487806,0,0.975,0.5125
modified,215,7,273,0,280,0.5125,1,0.025,0.04878048780487806,0,0.975,0.5125
modified,216,7,273,0,280,0.5125,1,0.025,0.04878048780487806,0,0.975,0.5125
modified,217,7,273,0,280,0.5125,1,0.025,0.04878048780487806,0,0.975,0.5125
modified,218,7,273,0,280,0.5125,1,0.025,0.04878048780487806,0,0.975,0.5125
modified,219,6,274,0,280,0.5107142857142857,1,0.02142857142857143,0.04195804195804196,0,0.9785714285714285,0.5107142857142857
modified,220,6,274,0,280,0.5107142857142857,1,0.02142857142857143,0.04195804195804196,0,0.9785714285714285,0.5107142857142857
modified,221,5,275,0,280,0.5089285714285714,1,0.017857142857142856,0.03508771929824561,0,0.9821428571428571,0.5089285714285714
modified,222,5,275,0,280,0.5089285714285714,1,0.017857142857142856,0.03508771929824561,0,0.9821428571428571,0.5089285714285714
modified,223,5,275,0,280,0.5089285714285714,1,0.017857142857142856,0.03508771929824561,0,0.9821428571428571,0.5089285714285714
modified,224,5,275,0,280,0.5089285714285714,1,0.017857142857142856,0.03508771929824561,0,0.9821428571428571,0.5089285714285714
modified,225,5,275,0,280,0.5089285714285714,1,0.017857142857142856,0.03508771929824561,0,0.9821428571428571,0.5089285714285714
modified,226,5,275,0,280,0.5089285714285714,1,0.017857142857142856,0.03508771929824561,0,0.9821428571428571,0.5089285714285714
modified,227,5,275,0,280,0.5089285714285714,1,0.017857142857142856,0.03508771929824561,0,0.9821428571428571,0.5089285714285714
modified,228,5,275,0,280,0.5089285714285714,1,0.017857142857142856,0.03508771929824561,0,0.9821428571428571,0.5089285714285714
modified,229,4,276,0,280,0.5071428571428571,1,0.014285714285714285,0.028169014084507043,0,0.9857142857142858,0.5071428571428571
modified,230,4,276,0,280,0.5071428571428571,1,0.014285714285714285,0.028169014084507043,0,0.9857142857142858,0.5071428571428571
modified,231,4,276,0,280,0.5071428571428571,1,0.014285714285714285,0.028169014084507043,0,0.9857142857142858,0.5071428571428571
modified,232,4,276,0,280,0.5071428571428571,1,0.014285714285714285,0.028169014084507043,0,0.9857142857142858,0.5071428571428571
modified,233,4,276,0,280,0.5071428571428571,1,0.014285714285714285,0.028169014084507043,0,0.9857142857142858,0.5071428571428571
modified,234,4,276,0,280,0.5071428571428571,1,0.014285714285714285,0.028169014084507043,0,0.9857142857142858,0.5071428571428571
modified,235,4,276,0,280,0.5071428571428571,1,0.014285714285714285,0.028169014084507043,0,0.9857142857142858,0.5071428571428571
modified,236,2,278,0,280,0.5035714285714286,1,0.007142857142857143,0.014184397163120567,0,0.9928571428571429,0.5035714285714286
modified,237,2,278,0,280,0.5035714285714286,1,0.007142857142857143,0.014184397163120567,0,0.9928571428571429,0.5035714285714286
modified,238,2,278,0,280,0.5035714285714286,1,0.007142857142857143,0.014184397163120567,0,0.9928571428571429,0.5035714285714286
modified,239,2,278,0,280,0.5035714285714286,1,0.007142857142857143,0.014184397163120567,0,0.9928571428571429,0.5035714285714286
modified,240,2,278,0,280,0.5035714285714286,1,0.007142857142857143,0.014184397163120567,0,0.9928571428571429,0.5035714285714286
modified,241,1,279,0,280,0.5017857142857143,1,0.0035714285714285713,0.0071174377224199285,0,0.9964285714285714,0.5017857142857143
modified,242,1,279,0,280,0.5017857142857143,1,0.0035714285714285713,0.0071174377224199285,0,0.9964285714285714,0.5017857142857143
modified,243,1,279,0,280,0.5017857142857143,1,0.0035714285714285713,0.0071174377224199285,0,0.9964285714285714,0.5017857142857143
modified,244,1,279,0,280,0.5017857142857143,1,0.0035714285714285713,0.0071174377224199285,0,0.9964285714285714,0.5017857142857143
modified,245,1,279,0,280,0.5017857142857143,1,0.0035714285714285713,0.0071174377224199285,0,0.9964285714285714,0.5017857142857143
modified,246,1,279,0,280,0.5017857142857143,1,0.0035714285714285713,0.0071174377224199285,0,0.9964285714285714,0.5017857142857143
modified,247,1,279,0,280,0.5017857142857143,1,0.0035714285714285713,0.0071174377224199285,0,0.9964285714285714,0.5017857142857143
modified,248,1,279,0,280,0.5017857142857143,1,0.0035714285714285713,0.0071174377224199285,0,0.9964285714285714,0.5017857142857143
modified,249,1,279,0,280,0.5017857142857143,1,0.0035714285714285713,0.0071174377224199285,0,0.9964285714285714,0.5017857142857143
modified,250,1,279,0,280,0.5017857142857143,1,0.0035714285714285713,0.0071174377224199285,0,0.9964285714285714,0.5017857142857143
modified,251,1,279,0,280,0.5017857142857143,1,0.0035714285714285713,0.0071174377224199285,0,0.9964285714285714,0.5017857142857143
modified,252,1,279,0,280,0.5017857142857143,1,0.0035714285714285713,0.0071174377224199285,0,0.9964285714285714,0.5017857142857143
modified,253,1,279,0,280,0.5017857142857143,1,0.0035714285714285713,0.0071174377224199285,0,0.9964285714285714,0.5017857142857143
modified,254,1,279,0,280,0.5017857142857143,1,0.0035714285714285713,0.0071174377224199285,0,0.9964285714285714,0.5017857142857143
modified,255,1,279,0,280,0.5017857142857143,1,0.0035714285714285713,0.0071174377224199285,0,0.9964285714285714,0.5017857142857143
modified,256,1,279,0,280,0.5017857142857143,1,0.0035714285714285713,0.0071174377224199285,0,0.9964285714285714,0.5017857142857143
modified,257,1,279,0,280,0.5017857142857143,1,0.0035714285714285713,0.0071174377224199285,0,0.9964285714285714,0.5017857142857143
modified,258,1,279,0,280,0.5017857142857143,1,0.0035714285714285713,0.0071174377224199285,0,0.9964285714285714,0.5017857142857143
modified,259,1,279,0,280,0.5017857142857143,1,0.0035714285714285713,0.0071174377224199285,0,0.9964285714285714,0.5017857142857143
modified,260,1,279,0,280,0.5017857142857143,1,0.0035714285714285713,0.0071174377224199285,0,0.9964285714285714,0.5017857142857143
modified,261,1,279,0,280,0.5017857142857143,1,0.0035714285714285713,0.0071174377224199285,0,0.9964285714285714,0.5017857142857143
modified,262,1,279,0,280,0.5017857142857143,1,0.0035714285714285713,0.0071174377224199285,0,0.9964285714285714,0.5017857142857143
modified,263,1,279,0,280,0.5017857142857143,1,0.0035714285714285713,0.0071174377224199285,0,0.9964285714285714,0.5017857142857143
modified,264,1,279,0,280,0.5017857142857143,1,0.0035714285714285713,0.0071174377224199285,0,0.9964285714285714,0.5017857142857143
modified,265,1,279,0,280,0.5017857142857143,1,0.0035714285714285713,0.0071174377224199285,0,0.9964285714285714,0.5017857142857143
modified,266,1,279,0,280,0.5017857142857143,1,0.0035714285714285713,0.0071174377224199285,0,0.9964285714285714,0.5017857142857143
modified,267,1,279,0,280,0.5017857142857143,1,0.0035714285714285713,0.0071174377224199285,0,0.9964285714285714,0.5017857142857143
modified,268,1,279,0,280,0.5017857142857143,1,0.0035714285714285713,0.0071174377224199285,0,0.9964285714285714,0.5017857142857143
modified,269,1,279,0,280,0.5017857142857143,1,0.0035714285714285713,0.0071174377224199285,0,0.9964285714285714,0.5017857142857143
modified,270,1,279,0,280,0.5017857142857143,1,0.0035714285714285713,0.0071174377224199285,0,0.9964285714285714,0.5017857142857143
modified,271,1,279,0,280,0.5017857142857143,1,0.0035714285714285713,0.0071174377224199285,0,0.9964285714285714,0.5017857142857143
modified,272,1,279,0,280,0.5017857142857143,1,0.0035714285714285713,0.0071174377224199285,0,0.9964285714285714,0.5017857142857143
modified,273,1,279,0,280,0.5017857142857143,1,0.0035714285714285713,0.0071174377224199285,0,0.9964285714285714,0.5017857142857143
modified,274,1,279,0,280,0.5017857142857143,1,0.0035714285714285713,0.0071174377224199285,0,0.9964285714285714,0.5017857142857143
modified,275,0,280,0,280,0.5,0,0,0,0,1,0.5
